anexo_cat68;segmento;ato_base;item_norma;cest;ncm;descricao;condicao;metodo_base_calculo;iva_st_percentual;iva_st_ajustado_aplicavel;vigencia_inicio;vigencia_fim;status_em_2026_09_21;fonte_oficial;observacao
I;FUMO_OU_SUCEDANEOS_MANUFATURADOS;Portaria CAT 70/2019;TODOS;;;Mercadorias do Anexo I da CAT 68/2019;Base = preço praticado + encargos, com MVA de 50%.;IVA_ST;50.0;False;2020-01-01;;ATIVO_NA_DATA_REFERENCIA;https://legislacao.fazenda.sp.gov.br/Paginas/Portaria-CAT-70-de-2019.aspx;
II;CIMENTO;Portaria SRE 37/2026;FALLBACK_ART2;;2523;Cimento - IVA aplicável nas hipóteses do art. 2º da SRE 37/2026;"Usar quando não se aplicar PMPF: decisão administrativa/judicial sem outra base; ausência de preço no Anexo Único; ou valor da operação própria >= 80% do preço sugerido.";PMPF_COM_IVA_FALLBACK;45.04;True;2026-09-01;2027-08-31;ATIVO_NA_DATA_REFERENCIA;https://legislacao.fazenda.sp.gov.br/Paginas/Portaria-SRE-37-de-2026.aspx;
III;CERVEJA_CHOPE_REFRIGERANTE_E_OUTRAS_BEBIDAS;Portaria SRE 27/2026;REF_GERAL;;;Refrigerantes;"Saída de fabricante, engarrafador, importador, distribuidor, depósito, atacadista ou arrematante; quando aplicável o IVA do art. 2º.";PMPF_COM_IVA_FALLBACK;66.0;False;2026-07-01;2026-12-31;ATIVO_NA_DATA_REFERENCIA;https://legislacao.fazenda.sp.gov.br/Paginas/Portaria-SRE-27-de-2026.aspx;
III;CERVEJA_CHOPE_REFRIGERANTE_E_OUTRAS_BEBIDAS;Portaria SRE 27/2026;REF_XAROPE_GERAL;;2106.90.10;Xarope/extrato concentrado para refrigerante pré-mix/post-mix;"Saída de fabricante, engarrafador, importador, distribuidor, depósito, atacadista ou arrematante; quando aplicável o IVA.";PMPF_COM_IVA_FALLBACK;140.0;False;2026-07-01;2026-12-31;ATIVO_NA_DATA_REFERENCIA;https://legislacao.fazenda.sp.gov.br/Paginas/Portaria-SRE-27-de-2026.aspx;
III;CERVEJA_CHOPE_REFRIGERANTE_E_OUTRAS_BEBIDAS;Portaria SRE 27/2026;REF_INTER_VIDRO_RET_MAIS_600;;;Refrigerante em garrafa de vidro retornável acima de 600 ml;"Varejista recebe diretamente de outro Estado não signatário de acordo implementado por SP; quando aplicável o IVA.";PMPF_COM_IVA_FALLBACK;20.0;False;2026-07-01;2026-12-31;ATIVO_NA_DATA_REFERENCIA;https://legislacao.fazenda.sp.gov.br/Paginas/Portaria-SRE-27-de-2026.aspx;
III;CERVEJA_CHOPE_REFRIGERANTE_E_OUTRAS_BEBIDAS;Portaria SRE 27/2026;REF_INTER_PLAST_NRET_2_2_5L;;;Refrigerante em garrafa plástica não retornável com 2 L ou 2,5 L;"Varejista recebe diretamente de outro Estado não signatário de acordo implementado por SP; quando aplicável o IVA.";PMPF_COM_IVA_FALLBACK;20.0;False;2026-07-01;2026-12-31;ATIVO_NA_DATA_REFERENCIA;https://legislacao.fazenda.sp.gov.br/Paginas/Portaria-SRE-27-de-2026.aspx;
III;CERVEJA_CHOPE_REFRIGERANTE_E_OUTRAS_BEBIDAS;Portaria SRE 27/2026;REF_INTER_PLAST_NRET_1L;;;Refrigerante em garrafa plástica não retornável com 1 L;"Varejista recebe diretamente de outro Estado não signatário de acordo implementado por SP; quando aplicável o IVA.";PMPF_COM_IVA_FALLBACK;20.0;False;2026-07-01;2026-12-31;ATIVO_NA_DATA_REFERENCIA;https://legislacao.fazenda.sp.gov.br/Paginas/Portaria-SRE-27-de-2026.aspx;
III;CERVEJA_CHOPE_REFRIGERANTE_E_OUTRAS_BEBIDAS;Portaria SRE 27/2026;REF_INTER_PLAST_RET_ATE_2L;;;Refrigerante em garrafa plástica retornável com até 2 L;"Varejista recebe diretamente de outro Estado não signatário de acordo implementado por SP; quando aplicável o IVA.";PMPF_COM_IVA_FALLBACK;37.0;False;2026-07-01;2026-12-31;ATIVO_NA_DATA_REFERENCIA;https://legislacao.fazenda.sp.gov.br/Paginas/Portaria-SRE-27-de-2026.aspx;
III;CERVEJA_CHOPE_REFRIGERANTE_E_OUTRAS_BEBIDAS;Portaria SRE 27/2026;REF_INTER_LATA_GARRAFA_NRET;;;Refrigerante em lata e garrafa não retornável;"Varejista recebe diretamente de outro Estado não signatário de acordo implementado por SP; quando aplicável o IVA.";PMPF_COM_IVA_FALLBACK;35.0;False;2026-07-01;2026-12-31;ATIVO_NA_DATA_REFERENCIA;https://legislacao.fazenda.sp.gov.br/Paginas/Portaria-SRE-27-de-2026.aspx;
III;CERVEJA_CHOPE_REFRIGERANTE_E_OUTRAS_BEBIDAS;Portaria SRE 27/2026;REF_INTER_GARRAFA_RET_ATE_330;;;Refrigerante em garrafa retornável com até 330 ml;"Varejista recebe diretamente de outro Estado não signatário de acordo implementado por SP; quando aplicável o IVA.";PMPF_COM_IVA_FALLBACK;70.0;False;2026-07-01;2026-12-31;ATIVO_NA_DATA_REFERENCIA;https://legislacao.fazenda.sp.gov.br/Paginas/Portaria-SRE-27-de-2026.aspx;
III;CERVEJA_CHOPE_REFRIGERANTE_E_OUTRAS_BEBIDAS;Portaria SRE 27/2026;REF_INTER_XAROPE;;2106.90.10;Xarope/extrato NCM 2106.90.10 para pré-mix/post-mix;"Varejista recebe diretamente de outro Estado não signatário de acordo implementado por SP; quando aplicável o IVA.";PMPF_COM_IVA_FALLBACK;100.0;False;2026-07-01;2026-12-31;ATIVO_NA_DATA_REFERENCIA;https://legislacao.fazenda.sp.gov.br/Paginas/Portaria-SRE-27-de-2026.aspx;
III;CERVEJA_CHOPE_REFRIGERANTE_E_OUTRAS_BEBIDAS;Portaria SRE 27/2026;ENERG_GERAL;;;Bebidas energéticas e hidroeletrolíticas;"Saída de fabricante, engarrafador, importador, distribuidor, depósito, atacadista ou arrematante; quando aplicável o IVA.";PMPF_COM_IVA_FALLBACK;66.0;False;2026-07-01;2026-12-31;ATIVO_NA_DATA_REFERENCIA;https://legislacao.fazenda.sp.gov.br/Paginas/Portaria-SRE-27-de-2026.aspx;
III;CERVEJA_CHOPE_REFRIGERANTE_E_OUTRAS_BEBIDAS;Portaria SRE 27/2026;ENERG_INTER_VIDRO_RET_MAIS_600;;;Energética/isotônica em garrafa de vidro retornável acima de 600 ml;"Varejista recebe diretamente de outro Estado não signatário de acordo implementado por SP; quando aplicável o IVA.";PMPF_COM_IVA_FALLBACK;20.0;False;2026-07-01;2026-12-31;ATIVO_NA_DATA_REFERENCIA;https://legislacao.fazenda.sp.gov.br/Paginas/Portaria-SRE-27-de-2026.aspx;
III;CERVEJA_CHOPE_REFRIGERANTE_E_OUTRAS_BEBIDAS;Portaria SRE 27/2026;ENERG_INTER_PLAST_NRET_2_2_5L;;;Energética/isotônica em garrafa plástica não retornável com 2 L ou 2,5 L;"Varejista recebe diretamente de outro Estado não signatário de acordo implementado por SP; quando aplicável o IVA.";PMPF_COM_IVA_FALLBACK;20.0;False;2026-07-01;2026-12-31;ATIVO_NA_DATA_REFERENCIA;https://legislacao.fazenda.sp.gov.br/Paginas/Portaria-SRE-27-de-2026.aspx;
III;CERVEJA_CHOPE_REFRIGERANTE_E_OUTRAS_BEBIDAS;Portaria SRE 27/2026;ENERG_INTER_PLAST_NRET_1L;;;Energética/isotônica em garrafa plástica não retornável com 1 L;"Varejista recebe diretamente de outro Estado não signatário de acordo implementado por SP; quando aplicável o IVA.";PMPF_COM_IVA_FALLBACK;20.0;False;2026-07-01;2026-12-31;ATIVO_NA_DATA_REFERENCIA;https://legislacao.fazenda.sp.gov.br/Paginas/Portaria-SRE-27-de-2026.aspx;
III;CERVEJA_CHOPE_REFRIGERANTE_E_OUTRAS_BEBIDAS;Portaria SRE 27/2026;ENERG_INTER_PLAST_RET_ATE_2L;;;Energética/isotônica em garrafa plástica retornável com até 2 L;"Varejista recebe diretamente de outro Estado não signatário de acordo implementado por SP; quando aplicável o IVA.";PMPF_COM_IVA_FALLBACK;37.0;False;2026-07-01;2026-12-31;ATIVO_NA_DATA_REFERENCIA;https://legislacao.fazenda.sp.gov.br/Paginas/Portaria-SRE-27-de-2026.aspx;
III;CERVEJA_CHOPE_REFRIGERANTE_E_OUTRAS_BEBIDAS;Portaria SRE 27/2026;ENERG_INTER_LATA_GARRAFA_NRET;;;Energética/isotônica em lata e garrafa não retornável;"Varejista recebe diretamente de outro Estado não signatário de acordo implementado por SP; quando aplicável o IVA.";PMPF_COM_IVA_FALLBACK;35.0;False;2026-07-01;2026-12-31;ATIVO_NA_DATA_REFERENCIA;https://legislacao.fazenda.sp.gov.br/Paginas/Portaria-SRE-27-de-2026.aspx;
III;CERVEJA_CHOPE_REFRIGERANTE_E_OUTRAS_BEBIDAS;Portaria SRE 27/2026;ENERG_INTER_GARRAFA_RET_ATE_330;;;Energética/isotônica em garrafa retornável com até 330 ml;"Varejista recebe diretamente de outro Estado não signatário de acordo implementado por SP; quando aplicável o IVA.";PMPF_COM_IVA_FALLBACK;70.0;False;2026-07-01;2026-12-31;ATIVO_NA_DATA_REFERENCIA;https://legislacao.fazenda.sp.gov.br/Paginas/Portaria-SRE-27-de-2026.aspx;
III;CERVEJA_CHOPE_REFRIGERANTE_E_OUTRAS_BEBIDAS;Portaria SRE 27/2026;CERV_GERAL;;;Cerveja, cerveja sem álcool e chope;"Saída de fabricante, engarrafador, importador, distribuidor, depósito, atacadista ou arrematante; quando aplicável o IVA.";PMPF_COM_IVA_FALLBACK;140.0;False;2026-07-01;2026-12-31;ATIVO_NA_DATA_REFERENCIA;https://legislacao.fazenda.sp.gov.br/Paginas/Portaria-SRE-27-de-2026.aspx;
III;CERVEJA_CHOPE_REFRIGERANTE_E_OUTRAS_BEBIDAS;Portaria SRE 27/2026;CERV_INTER_VAREJISTA;;;Cerveja e cerveja sem álcool;"Varejista recebe diretamente de outro Estado não signatário de acordo implementado por SP; quando aplicável o IVA.";PMPF_COM_IVA_FALLBACK;70.0;False;2026-07-01;2026-12-31;ATIVO_NA_DATA_REFERENCIA;https://legislacao.fazenda.sp.gov.br/Paginas/Portaria-SRE-27-de-2026.aspx;
III;CERVEJA_CHOPE_REFRIGERANTE_E_OUTRAS_BEBIDAS;Portaria SRE 27/2026;CHOPE_INTER_VAREJISTA;;;Chope;"Varejista recebe diretamente de outro Estado não signatário de acordo implementado por SP; quando aplicável o IVA.";PMPF_COM_IVA_FALLBACK;115.0;False;2026-07-01;2026-12-31;ATIVO_NA_DATA_REFERENCIA;https://legislacao.fazenda.sp.gov.br/Paginas/Portaria-SRE-27-de-2026.aspx;
V;VEICULO_NOVO_DUAS_TRES_RODAS;RICMS/SP art. 300;FALLBACK_SEM_PRECO;;;Veículos novos de duas e três rodas motorizados;Somente na inexistência dos valores previstos nos incisos I e II do art. 300.;PRECO_SUGERIDO_COM_MVA_FALLBACK;34.0;False;2020-01-01;;ATIVO_NA_DATA_REFERENCIA;https://legislacao.fazenda.sp.gov.br/Paginas/art299.aspx;Consulta tributária oficial registra que não há previsão de MVA ajustada nessa hipótese.
VI;VEICULO_AUTOMOTOR_NOVO;RICMS/SP art. 302;FALLBACK_DEMAIS_SITUACOES;;;Demais veículos automotores novos;Nas demais situações, na falta de preço máximo/único, aplicar 30% de MVA sobre o valor da operação + encargos.;PRECO_SUGERIDO_COM_MVA_FALLBACK;30.0;False;2020-01-01;;ATIVO_NA_DATA_REFERENCIA;https://legislacao.fazenda.sp.gov.br/Paginas/art301.aspx;
VII;PNEUMATICOS_CAMARAS_PROTETORES;Portaria SRE 15/2024;1;16.001.00;4011.10.00;Pneus novos para automóveis de passageiros;;IVA_ST;46.68;True;2024-05-01;2026-09-30;ATIVO_NA_DATA_REFERENCIA;https://legislacao.fazenda.sp.gov.br/Paginas/Portaria-SRE-15-de-2024.aspx;Anexo VII da CAT 68 deixa de estar em ST em 01/10/2026.
VII;PNEUMATICOS_CAMARAS_PROTETORES;Portaria SRE 15/2024;2;16.002.00;4011;Pneus novos para caminhões, ônibus, aviões, máquinas e tratores;;IVA_ST;35.85;True;2024-05-01;2026-09-30;ATIVO_NA_DATA_REFERENCIA;https://legislacao.fazenda.sp.gov.br/Paginas/Portaria-SRE-15-de-2024.aspx;Anexo VII da CAT 68 deixa de estar em ST em 01/10/2026.
VII;PNEUMATICOS_CAMARAS_PROTETORES;Portaria SRE 15/2024;3;16.003.00;4011.40.00;Pneus novos para motocicletas;;IVA_ST;77.12;True;2024-05-01;2026-09-30;ATIVO_NA_DATA_REFERENCIA;https://legislacao.fazenda.sp.gov.br/Paginas/Portaria-SRE-15-de-2024.aspx;Anexo VII da CAT 68 deixa de estar em ST em 01/10/2026.
VII;PNEUMATICOS_CAMARAS_PROTETORES;Portaria SRE 15/2024;4;16.004.00;4011;Outros pneus novos, exceto CEST 16.005.00;;IVA_ST;54.45;True;2024-05-01;2026-09-30;ATIVO_NA_DATA_REFERENCIA;https://legislacao.fazenda.sp.gov.br/Paginas/Portaria-SRE-15-de-2024.aspx;Anexo VII da CAT 68 deixa de estar em ST em 01/10/2026.
VII;PNEUMATICOS_CAMARAS_PROTETORES;Portaria SRE 15/2024;5;16.005.00;4011.50.00;Pneus novos para bicicletas;;IVA_ST;99.12;True;2024-05-01;2026-09-30;ATIVO_NA_DATA_REFERENCIA;https://legislacao.fazenda.sp.gov.br/Paginas/Portaria-SRE-15-de-2024.aspx;Anexo VII da CAT 68 deixa de estar em ST em 01/10/2026.
VII;PNEUMATICOS_CAMARAS_PROTETORES;Portaria SRE 15/2024;6;16.007.00;4012.90;Protetores de borracha, exceto CEST 16.007.01;;IVA_ST;102.11;True;2024-05-01;2026-09-30;ATIVO_NA_DATA_REFERENCIA;https://legislacao.fazenda.sp.gov.br/Paginas/Portaria-SRE-15-de-2024.aspx;Anexo VII da CAT 68 deixa de estar em ST em 01/10/2026.
VII;PNEUMATICOS_CAMARAS_PROTETORES;Portaria SRE 15/2024;7;16.008.00;4013;Câmaras de ar de borracha, exceto CEST 16.009.00;;IVA_ST;117.13;True;2024-05-01;2026-09-30;ATIVO_NA_DATA_REFERENCIA;https://legislacao.fazenda.sp.gov.br/Paginas/Portaria-SRE-15-de-2024.aspx;Anexo VII da CAT 68 deixa de estar em ST em 01/10/2026.
VII;PNEUMATICOS_CAMARAS_PROTETORES;Portaria SRE 15/2024;8;16.009.00;4013.20.00;Câmaras de ar para bicicletas;;IVA_ST;140.35;True;2024-05-01;2026-09-30;ATIVO_NA_DATA_REFERENCIA;https://legislacao.fazenda.sp.gov.br/Paginas/Portaria-SRE-15-de-2024.aspx;Anexo VII da CAT 68 deixa de estar em ST em 01/10/2026.
VIII;TINTAS_VERNIZES_PRODUTOS_QUIMICOS;Portaria SRE 46/2024;1;24.001.00;"3208;3209;3210.00";Tintas e vernizes;;IVA_ST;52.0;True;2024-11-01;2026-09-30;ATIVO_NA_DATA_REFERENCIA;https://legislacao.fazenda.sp.gov.br/Paginas/Portaria-SRE-46-de-2024.aspx;Anexo VIII da CAT 68 deixa de estar em ST em 01/10/2026.
VIII;TINTAS_VERNIZES_PRODUTOS_QUIMICOS;Portaria SRE 46/2024;2;24.002.00;"2821;3204.17.00;3206";Xadrez e pós assemelhados <=1kg, exceto pigmentos NCM 3206.11.10;;IVA_ST;114.0;True;2024-11-01;2026-09-30;ATIVO_NA_DATA_REFERENCIA;https://legislacao.fazenda.sp.gov.br/Paginas/Portaria-SRE-46-de-2024.aspx;Anexo VIII da CAT 68 deixa de estar em ST em 01/10/2026.
VIII;TINTAS_VERNIZES_PRODUTOS_QUIMICOS;Portaria SRE 46/2024;3;24.003.00;"3204;3205.00.00;3206;3212";Corantes para aplicação em bases, tintas e vernizes;;IVA_ST;93.0;True;2024-11-01;2026-09-30;ATIVO_NA_DATA_REFERENCIA;https://legislacao.fazenda.sp.gov.br/Paginas/Portaria-SRE-46-de-2024.aspx;Anexo VIII da CAT 68 deixa de estar em ST em 01/10/2026.
XIV;AUTOPECAS;Portaria SRE 16/2023;GERAL_FIDELIDADE;;;Autopeças, exceto baterias dos itens 53/54;"Fabricante de veículos para índice de fidelidade; fabricante com distribuição exclusiva por contrato; ou atacadista controlado que opere exclusivamente com concessionários da rede.";IVA_ST;47.19;True;2023-04-01;2026-09-30;ATIVO_NA_DATA_REFERENCIA;https://legislacao.fazenda.sp.gov.br/Paginas/Portaria-SRE-16-de-2023.aspx;
XIV;AUTOPECAS;Portaria SRE 16/2023;GERAL_DEMAIS;;;Autopeças, exceto baterias dos itens 53/54;Demais casos.;IVA_ST;72.15;True;2023-04-01;2026-09-30;ATIVO_NA_DATA_REFERENCIA;https://legislacao.fazenda.sp.gov.br/Paginas/Portaria-SRE-16-de-2023.aspx;
XIV;AUTOPECAS_BATERIAS;Portaria SRE 10/2026;53_54_FIDELIDADE;;;Acumuladores elétricos de chumbo para arranque de motores de pistão;"Hipóteses de fabricante/atacadista com fidelidade descritas no §1º, item 1, da SRE 10/2026; quando não aplicado PMPF.";PMPF_COM_IVA_FALLBACK;47.19;True;2026-05-01;2026-09-30;ATIVO_NA_DATA_REFERENCIA;https://legislacao.fazenda.sp.gov.br/Paginas/Portaria-SRE-10-de-2026.aspx;
XIV;AUTOPECAS_BATERIAS;Portaria SRE 10/2026;53_DEMAIS;01.053.00;8507.10;Baterias para arranque de motores, exceto a hipótese do CEST 01.053.01;Demais casos, quando não aplicado PMPF.;PMPF_COM_IVA_FALLBACK;209.34;True;2026-05-01;2026-09-30;ATIVO_NA_DATA_REFERENCIA;https://legislacao.fazenda.sp.gov.br/Paginas/Portaria-SRE-10-de-2026.aspx;
XIV;AUTOPECAS_BATERIAS;Portaria SRE 10/2026;54_DEMAIS;01.053.01;8507.10.10;Baterias <=20Ah e <=12V para arranque de motores;Demais casos, quando não aplicado PMPF.;PMPF_COM_IVA_FALLBACK;222.83;True;2026-05-01;2026-09-30;ATIVO_NA_DATA_REFERENCIA;https://legislacao.fazenda.sp.gov.br/Paginas/Portaria-SRE-10-de-2026.aspx;
XVI;PRODUTOS_INDUSTRIA_ALIMENTICIA;Portaria SRE 12/2026;1;17.001.00;1704.90.10;Chocolate branco <=1kg;;IVA_ST;72.41;True;2026-05-01;2029-01-31;ATIVO_NA_DATA_REFERENCIA;https://legislacao.fazenda.sp.gov.br/Paginas/Portaria-SRE-12-de-2026.aspx;
XVI;PRODUTOS_INDUSTRIA_ALIMENTICIA;Portaria SRE 12/2026;1.1;17.001.01;1704.90.10;Chocolate branco >1kg e <=2kg;;IVA_ST;71.01;True;2026-05-01;2029-01-31;ATIVO_NA_DATA_REFERENCIA;https://legislacao.fazenda.sp.gov.br/Paginas/Portaria-SRE-12-de-2026.aspx;
XVI;PRODUTOS_INDUSTRIA_ALIMENTICIA;Portaria SRE 12/2026;2;17.002.00;1806.31.10;Chocolate recheado <=1kg;;IVA_ST;88.15;True;2026-05-01;2029-01-31;ATIVO_NA_DATA_REFERENCIA;https://legislacao.fazenda.sp.gov.br/Paginas/Portaria-SRE-12-de-2026.aspx;
XVI;PRODUTOS_INDUSTRIA_ALIMENTICIA;Portaria SRE 12/2026;2.1;17.002.01;1806.31.10;Chocolate recheado >1kg e <=2kg;;IVA_ST;102.4;True;2026-05-01;2029-01-31;ATIVO_NA_DATA_REFERENCIA;https://legislacao.fazenda.sp.gov.br/Paginas/Portaria-SRE-12-de-2026.aspx;
XVI;PRODUTOS_INDUSTRIA_ALIMENTICIA;Portaria SRE 12/2026;3;17.003.00;1806.32.10;Chocolate não recheado <=2kg;;IVA_ST;74.8;True;2026-05-01;2029-01-31;ATIVO_NA_DATA_REFERENCIA;https://legislacao.fazenda.sp.gov.br/Paginas/Portaria-SRE-12-de-2026.aspx;
XVI;PRODUTOS_INDUSTRIA_ALIMENTICIA;Portaria SRE 12/2026;4;17.004.00;1806.90.00;Outras preparações com cacau <=1kg;;IVA_ST;64.95;True;2026-05-01;2029-01-31;ATIVO_NA_DATA_REFERENCIA;https://legislacao.fazenda.sp.gov.br/Paginas/Portaria-SRE-12-de-2026.aspx;
XVI;PRODUTOS_INDUSTRIA_ALIMENTICIA;Portaria SRE 12/2026;4.1;17.004.01;1806.90.00;Outras preparações com cacau >1kg e <=2kg;;IVA_ST;91.11;True;2026-05-01;2029-01-31;ATIVO_NA_DATA_REFERENCIA;https://legislacao.fazenda.sp.gov.br/Paginas/Portaria-SRE-12-de-2026.aspx;
XVI;PRODUTOS_INDUSTRIA_ALIMENTICIA;Portaria SRE 12/2026;5;17.006.00;1806.90.00;Achocolatado em pó <=1kg;;IVA_ST;43.85;True;2026-05-01;2029-01-31;ATIVO_NA_DATA_REFERENCIA;https://legislacao.fazenda.sp.gov.br/Paginas/Portaria-SRE-12-de-2026.aspx;
XVI;PRODUTOS_INDUSTRIA_ALIMENTICIA;Portaria SRE 12/2026;6;17.006.02;1806.90.00;Achocolatado em pó em cápsulas;;IVA_ST;41.95;True;2026-05-01;2029-01-31;ATIVO_NA_DATA_REFERENCIA;https://legislacao.fazenda.sp.gov.br/Paginas/Portaria-SRE-12-de-2026.aspx;
XVI;PRODUTOS_INDUSTRIA_ALIMENTICIA;Portaria SRE 12/2026;7;17.007.00;1806.90.00;Caixas de bombons contendo cacau <=1kg;;IVA_ST;54.59;True;2026-05-01;2029-01-31;ATIVO_NA_DATA_REFERENCIA;https://legislacao.fazenda.sp.gov.br/Paginas/Portaria-SRE-12-de-2026.aspx;
XVI;PRODUTOS_INDUSTRIA_ALIMENTICIA;Portaria SRE 12/2026;8;17.008.00;1704.90.90;Bombons, inclusive chocolate branco sem cacau;;IVA_ST;169.12;True;2026-05-01;2029-01-31;ATIVO_NA_DATA_REFERENCIA;https://legislacao.fazenda.sp.gov.br/Paginas/Portaria-SRE-12-de-2026.aspx;
XVI;PRODUTOS_INDUSTRIA_ALIMENTICIA;Portaria SRE 12/2026;9;17.009.00;1806.90.00;Confeitaria contendo cacau;;IVA_ST;89.79;True;2026-05-01;2029-01-31;ATIVO_NA_DATA_REFERENCIA;https://legislacao.fazenda.sp.gov.br/Paginas/Portaria-SRE-12-de-2026.aspx;
XVI;PRODUTOS_INDUSTRIA_ALIMENTICIA;Portaria SRE 12/2026;10;17.012.00;"0402.1;0402.2;0402.9";Leite em pó/blocos/grânulos, exceto creme;;IVA_ST;34.1;True;2026-05-01;2029-01-31;ATIVO_NA_DATA_REFERENCIA;https://legislacao.fazenda.sp.gov.br/Paginas/Portaria-SRE-12-de-2026.aspx;
XVI;PRODUTOS_INDUSTRIA_ALIMENTICIA;Portaria SRE 12/2026;11;17.013.00;1901.10.20;Farinha láctea;;IVA_ST;39.69;True;2026-05-01;2029-01-31;ATIVO_NA_DATA_REFERENCIA;https://legislacao.fazenda.sp.gov.br/Paginas/Portaria-SRE-12-de-2026.aspx;
XVI;PRODUTOS_INDUSTRIA_ALIMENTICIA;Portaria SRE 12/2026;12;17.014.00;1901.10.10;Leite modificado para alimentação de crianças;;IVA_ST;43.07;True;2026-05-01;2029-01-31;ATIVO_NA_DATA_REFERENCIA;https://legislacao.fazenda.sp.gov.br/Paginas/Portaria-SRE-12-de-2026.aspx;
XVI;PRODUTOS_INDUSTRIA_ALIMENTICIA;Portaria SRE 12/2026;13;17.015.00;"1901.10.90;1901.10.30";Preparações para alimentação infantil;;IVA_ST;45.95;True;2026-05-01;2029-01-31;ATIVO_NA_DATA_REFERENCIA;https://legislacao.fazenda.sp.gov.br/Paginas/Portaria-SRE-12-de-2026.aspx;
XVI;PRODUTOS_INDUSTRIA_ALIMENTICIA;Portaria SRE 12/2026;14;17.016.00;"0401.10.10;0401.20.10";Leite UHT <=2L;;IVA_ST;23.06;True;2026-05-01;2029-01-31;ATIVO_NA_DATA_REFERENCIA;https://legislacao.fazenda.sp.gov.br/Paginas/Portaria-SRE-12-de-2026.aspx;
XVI;PRODUTOS_INDUSTRIA_ALIMENTICIA;Portaria SRE 12/2026;15;17.019.00;"0401.40.2;0402.21.30;0402.29.30;0402.9";Creme de leite <=1kg;;IVA_ST;52.04;True;2026-05-01;2029-01-31;ATIVO_NA_DATA_REFERENCIA;https://legislacao.fazenda.sp.gov.br/Paginas/Portaria-SRE-12-de-2026.aspx;
XVI;PRODUTOS_INDUSTRIA_ALIMENTICIA;Portaria SRE 12/2026;16;17.019.02;"0401.10;0401.20;0401.50;0402.10;0402.29.20";Outros cremes de leite <=1kg;;IVA_ST;52.51;True;2026-05-01;2029-01-31;ATIVO_NA_DATA_REFERENCIA;https://legislacao.fazenda.sp.gov.br/Paginas/Portaria-SRE-12-de-2026.aspx;
XVI;PRODUTOS_INDUSTRIA_ALIMENTICIA;Portaria SRE 12/2026;17;17.020.00;0402.9;Leite condensado <=1kg;;IVA_ST;41.82;True;2026-05-01;2029-01-31;ATIVO_NA_DATA_REFERENCIA;https://legislacao.fazenda.sp.gov.br/Paginas/Portaria-SRE-12-de-2026.aspx;
XVI;PRODUTOS_INDUSTRIA_ALIMENTICIA;Portaria SRE 12/2026;18;17.021.00;0403;Iogurte e leite fermentado <=2L;;IVA_ST;70.1;True;2026-05-01;2029-01-31;ATIVO_NA_DATA_REFERENCIA;https://legislacao.fazenda.sp.gov.br/Paginas/Portaria-SRE-12-de-2026.aspx;
XVI;PRODUTOS_INDUSTRIA_ALIMENTICIA;Portaria SRE 12/2026;19;17.023.00;0406;Requeijão e similares <=1kg;;IVA_ST;71.11;True;2026-05-01;2029-01-31;ATIVO_NA_DATA_REFERENCIA;https://legislacao.fazenda.sp.gov.br/Paginas/Portaria-SRE-12-de-2026.aspx;
XVI;PRODUTOS_INDUSTRIA_ALIMENTICIA;Portaria SRE 12/2026;20;17.025.00;0405.10.00;Manteiga <=1kg;;IVA_ST;45.69;True;2026-05-01;2029-01-31;ATIVO_NA_DATA_REFERENCIA;https://legislacao.fazenda.sp.gov.br/Paginas/Portaria-SRE-12-de-2026.aspx;
XVI;PRODUTOS_INDUSTRIA_ALIMENTICIA;Portaria SRE 12/2026;21;17.026.00;1517.10.00;Margarina/creme vegetal <=500g;;IVA_ST;48.6;True;2026-05-01;2029-01-31;ATIVO_NA_DATA_REFERENCIA;https://legislacao.fazenda.sp.gov.br/Paginas/Portaria-SRE-12-de-2026.aspx;
XVI;PRODUTOS_INDUSTRIA_ALIMENTICIA;Portaria SRE 12/2026;22;17.027.00;1517.10.00;Margarina/creme vegetal >500g e <=1kg;;IVA_ST;40.55;True;2026-05-01;2029-01-31;ATIVO_NA_DATA_REFERENCIA;https://legislacao.fazenda.sp.gov.br/Paginas/Portaria-SRE-12-de-2026.aspx;
XVI;PRODUTOS_INDUSTRIA_ALIMENTICIA;Portaria SRE 12/2026;23;17.027.02;1517.90;Outras margarinas/cremes vegetais <1kg;;IVA_ST;40.55;True;2026-05-01;2029-01-31;ATIVO_NA_DATA_REFERENCIA;https://legislacao.fazenda.sp.gov.br/Paginas/Portaria-SRE-12-de-2026.aspx;
XVI;PRODUTOS_INDUSTRIA_ALIMENTICIA;Portaria SRE 12/2026;24;17.034.00;2103.20.10;Catchup <=650g;;IVA_ST;66.34;True;2026-05-01;2029-01-31;ATIVO_NA_DATA_REFERENCIA;https://legislacao.fazenda.sp.gov.br/Paginas/Portaria-SRE-12-de-2026.aspx;
XVI;PRODUTOS_INDUSTRIA_ALIMENTICIA;Portaria SRE 12/2026;25;17.035.00;"2103.90.21;2103.90.91";Condimentos/temperos/molhos <=1kg;;IVA_ST;68.98;True;2026-05-01;2029-01-31;ATIVO_NA_DATA_REFERENCIA;https://legislacao.fazenda.sp.gov.br/Paginas/Portaria-SRE-12-de-2026.aspx;
XVI;PRODUTOS_INDUSTRIA_ALIMENTICIA;Portaria SRE 12/2026;26;17.036.00;2103.10.10;Molho de soja <=650g;;IVA_ST;83.64;True;2026-05-01;2029-01-31;ATIVO_NA_DATA_REFERENCIA;https://legislacao.fazenda.sp.gov.br/Paginas/Portaria-SRE-12-de-2026.aspx;
XVI;PRODUTOS_INDUSTRIA_ALIMENTICIA;Portaria SRE 12/2026;27;17.037.00;2103.30.10;Farinha de mostarda <=1kg;;IVA_ST;75.75;True;2026-05-01;2029-01-31;ATIVO_NA_DATA_REFERENCIA;https://legislacao.fazenda.sp.gov.br/Paginas/Portaria-SRE-12-de-2026.aspx;
XVI;PRODUTOS_INDUSTRIA_ALIMENTICIA;Portaria SRE 12/2026;28;17.038.00;2103.30.21;Mostarda preparada <=650g;;IVA_ST;76.24;True;2026-05-01;2029-01-31;ATIVO_NA_DATA_REFERENCIA;https://legislacao.fazenda.sp.gov.br/Paginas/Portaria-SRE-12-de-2026.aspx;
XVI;PRODUTOS_INDUSTRIA_ALIMENTICIA;Portaria SRE 12/2026;29;17.039.00;2103.90.11;Maionese <=650g;;IVA_ST;44.16;True;2026-05-01;2029-01-31;ATIVO_NA_DATA_REFERENCIA;https://legislacao.fazenda.sp.gov.br/Paginas/Portaria-SRE-12-de-2026.aspx;
XVI;PRODUTOS_INDUSTRIA_ALIMENTICIA;Portaria SRE 12/2026;30;17.040.00;2002;Tomates preparados/conservados <=1kg;;IVA_ST;53.2;True;2026-05-01;2029-01-31;ATIVO_NA_DATA_REFERENCIA;https://legislacao.fazenda.sp.gov.br/Paginas/Portaria-SRE-12-de-2026.aspx;
XVI;PRODUTOS_INDUSTRIA_ALIMENTICIA;Portaria SRE 12/2026;31;17.041.00;2103.20.10;Molhos de tomate <=1kg;;IVA_ST;74.32;True;2026-05-01;2029-01-31;ATIVO_NA_DATA_REFERENCIA;https://legislacao.fazenda.sp.gov.br/Paginas/Portaria-SRE-12-de-2026.aspx;
XVI;PRODUTOS_INDUSTRIA_ALIMENTICIA;Portaria SRE 12/2026;32;17.047.00;1902.30.00;Massas instantâneas, exceto CEST 17.047.01;;IVA_ST;84.25;True;2026-05-01;2029-01-31;ATIVO_NA_DATA_REFERENCIA;https://legislacao.fazenda.sp.gov.br/Paginas/Portaria-SRE-12-de-2026.aspx;
XVI;PRODUTOS_INDUSTRIA_ALIMENTICIA;Portaria SRE 12/2026;32.1;17.047.01;1902.30.00;Massas instantâneas derivadas de farinha de trigo;;IVA_ST;74.21;True;2026-05-01;2029-01-31;ATIVO_NA_DATA_REFERENCIA;https://legislacao.fazenda.sp.gov.br/Paginas/Portaria-SRE-12-de-2026.aspx;
XVI;PRODUTOS_INDUSTRIA_ALIMENTICIA;Portaria SRE 12/2026;33;17.048.00;1902;Massas cozidas/recheadas/preparadas;;IVA_ST;49.14;True;2026-05-01;2029-01-31;ATIVO_NA_DATA_REFERENCIA;https://legislacao.fazenda.sp.gov.br/Paginas/Portaria-SRE-12-de-2026.aspx;
XVI;PRODUTOS_INDUSTRIA_ALIMENTICIA;Portaria SRE 12/2026;34;17.048.01;1902.40.00;Cuscuz;;IVA_ST;55.43;True;2026-05-01;2029-01-31;ATIVO_NA_DATA_REFERENCIA;https://legislacao.fazenda.sp.gov.br/Paginas/Portaria-SRE-12-de-2026.aspx;
XVI;PRODUTOS_INDUSTRIA_ALIMENTICIA;Portaria SRE 12/2026;35;17.048.02;1902.20.00;Massas alimentícias recheadas;;IVA_ST;59.85;True;2026-05-01;2029-01-31;ATIVO_NA_DATA_REFERENCIA;https://legislacao.fazenda.sp.gov.br/Paginas/Portaria-SRE-12-de-2026.aspx;
XVI;PRODUTOS_INDUSTRIA_ALIMENTICIA;Portaria SRE 12/2026;36;17.050.00;1905.20;Pães industrializados, exceto panetones e bolo de forma;;IVA_ST;62.64;True;2026-05-01;2029-01-31;ATIVO_NA_DATA_REFERENCIA;https://legislacao.fazenda.sp.gov.br/Paginas/Portaria-SRE-12-de-2026.aspx;
XVI;PRODUTOS_INDUSTRIA_ALIMENTICIA;Portaria SRE 12/2026;37;17.051.00;1905.20.90;Bolo de forma;;IVA_ST;68.62;True;2026-05-01;2029-01-31;ATIVO_NA_DATA_REFERENCIA;https://legislacao.fazenda.sp.gov.br/Paginas/Portaria-SRE-12-de-2026.aspx;
XVI;PRODUTOS_INDUSTRIA_ALIMENTICIA;Portaria SRE 12/2026;38;17.053.00;1905.31.00;Biscoitos/bolachas de trigo, com exclusões da norma;;IVA_ST;59.67;True;2026-05-01;2029-01-31;ATIVO_NA_DATA_REFERENCIA;https://legislacao.fazenda.sp.gov.br/Paginas/Portaria-SRE-12-de-2026.aspx;
XVI;PRODUTOS_INDUSTRIA_ALIMENTICIA;Portaria SRE 12/2026;39;17.054.00;1905.31.00;Biscoitos/bolachas não de trigo, com exclusões da norma;;IVA_ST;102.44;True;2026-05-01;2029-01-31;ATIVO_NA_DATA_REFERENCIA;https://legislacao.fazenda.sp.gov.br/Paginas/Portaria-SRE-12-de-2026.aspx;
XVI;PRODUTOS_INDUSTRIA_ALIMENTICIA;Portaria SRE 12/2026;40;17.056.00;1905.90.20;Cream cracker/água e sal de trigo;;IVA_ST;66.18;True;2026-05-01;2029-01-31;ATIVO_NA_DATA_REFERENCIA;https://legislacao.fazenda.sp.gov.br/Paginas/Portaria-SRE-12-de-2026.aspx;
XVI;PRODUTOS_INDUSTRIA_ALIMENTICIA;Portaria SRE 12/2026;41;17.056.01;1905.90.20;Cream cracker/água e sal não de trigo;;IVA_ST;102.44;True;2026-05-01;2029-01-31;ATIVO_NA_DATA_REFERENCIA;https://legislacao.fazenda.sp.gov.br/Paginas/Portaria-SRE-12-de-2026.aspx;
XVI;PRODUTOS_INDUSTRIA_ALIMENTICIA;Portaria SRE 12/2026;42;17.056.02;1905.90.20;Outras bolachas;;IVA_ST;60.77;True;2026-05-01;2029-01-31;ATIVO_NA_DATA_REFERENCIA;https://legislacao.fazenda.sp.gov.br/Paginas/Portaria-SRE-12-de-2026.aspx;
XVI;PRODUTOS_INDUSTRIA_ALIMENTICIA;Portaria SRE 12/2026;43;17.057.00;1905.32.00;Waffles/wafers sem cobertura;;IVA_ST;52.09;True;2026-05-01;2029-01-31;ATIVO_NA_DATA_REFERENCIA;https://legislacao.fazenda.sp.gov.br/Paginas/Portaria-SRE-12-de-2026.aspx;
XVI;PRODUTOS_INDUSTRIA_ALIMENTICIA;Portaria SRE 12/2026;44;17.058.00;1905.32.00;Waffles/wafers com cobertura;;IVA_ST;64.17;True;2026-05-01;2029-01-31;ATIVO_NA_DATA_REFERENCIA;https://legislacao.fazenda.sp.gov.br/Paginas/Portaria-SRE-12-de-2026.aspx;
XVI;PRODUTOS_INDUSTRIA_ALIMENTICIA;Portaria SRE 12/2026;45;17.059.00;1905.40.00;Torradas e semelhantes;;IVA_ST;62.65;True;2026-05-01;2029-01-31;ATIVO_NA_DATA_REFERENCIA;https://legislacao.fazenda.sp.gov.br/Paginas/Portaria-SRE-12-de-2026.aspx;
XVI;PRODUTOS_INDUSTRIA_ALIMENTICIA;Portaria SRE 12/2026;46;17.060.00;1905.90.10;Outros pães de forma;;IVA_ST;42.04;True;2026-05-01;2029-01-31;ATIVO_NA_DATA_REFERENCIA;https://legislacao.fazenda.sp.gov.br/Paginas/Portaria-SRE-12-de-2026.aspx;
XVI;PRODUTOS_INDUSTRIA_ALIMENTICIA;Portaria SRE 12/2026;47;17.062.00;1905.90.90;Outros pães;;IVA_ST;43.02;True;2026-05-01;2029-01-31;ATIVO_NA_DATA_REFERENCIA;https://legislacao.fazenda.sp.gov.br/Paginas/Portaria-SRE-12-de-2026.aspx;
XVI;PRODUTOS_INDUSTRIA_ALIMENTICIA;Portaria SRE 12/2026;48;17.062.01;1905.90.90;Outros bolos industrializados/panificação/pizzas;;IVA_ST;63.29;True;2026-05-01;2029-01-31;ATIVO_NA_DATA_REFERENCIA;https://legislacao.fazenda.sp.gov.br/Paginas/Portaria-SRE-12-de-2026.aspx;
XVI;PRODUTOS_INDUSTRIA_ALIMENTICIA;Portaria SRE 12/2026;49;17.063.00;1905.10.00;Knackebrot;;IVA_ST;114.24;True;2026-05-01;2029-01-31;ATIVO_NA_DATA_REFERENCIA;https://legislacao.fazenda.sp.gov.br/Paginas/Portaria-SRE-12-de-2026.aspx;
XVI;PRODUTOS_INDUSTRIA_ALIMENTICIA;Portaria SRE 12/2026;50;17.076.00;1601.00.00;Enchidos/embutidos, exceto salsicha, linguiça e mortadela;;IVA_ST;57.62;True;2026-05-01;2029-01-31;ATIVO_NA_DATA_REFERENCIA;https://legislacao.fazenda.sp.gov.br/Paginas/Portaria-SRE-12-de-2026.aspx;
XVI;PRODUTOS_INDUSTRIA_ALIMENTICIA;Portaria SRE 12/2026;51;17.077.00;1601.00.00;Salsicha e linguiça;;IVA_ST;56.17;True;2026-05-01;2029-01-31;ATIVO_NA_DATA_REFERENCIA;https://legislacao.fazenda.sp.gov.br/Paginas/Portaria-SRE-12-de-2026.aspx;
XVI;PRODUTOS_INDUSTRIA_ALIMENTICIA;Portaria SRE 12/2026;52;17.077.01;1601.00.00;Salsicha em lata;;IVA_ST;60.52;True;2026-05-01;2029-01-31;ATIVO_NA_DATA_REFERENCIA;https://legislacao.fazenda.sp.gov.br/Paginas/Portaria-SRE-12-de-2026.aspx;
XVI;PRODUTOS_INDUSTRIA_ALIMENTICIA;Portaria SRE 12/2026;53;17.078.00;1601.00.00;Mortadela;;IVA_ST;47.61;True;2026-05-01;2029-01-31;ATIVO_NA_DATA_REFERENCIA;https://legislacao.fazenda.sp.gov.br/Paginas/Portaria-SRE-12-de-2026.aspx;
XVI;PRODUTOS_INDUSTRIA_ALIMENTICIA;Portaria SRE 12/2026;54;17.079.00;1602;Outras preparações/conservas de carne;;IVA_ST;64.62;True;2026-05-01;2029-01-31;ATIVO_NA_DATA_REFERENCIA;https://legislacao.fazenda.sp.gov.br/Paginas/Portaria-SRE-12-de-2026.aspx;
XVI;PRODUTOS_INDUSTRIA_ALIMENTICIA;Portaria SRE 12/2026;55;17.079.01;1602.31.00;Preparações de peru;;IVA_ST;64.0;True;2026-05-01;2029-01-31;ATIVO_NA_DATA_REFERENCIA;https://legislacao.fazenda.sp.gov.br/Paginas/Portaria-SRE-12-de-2026.aspx;
XVI;PRODUTOS_INDUSTRIA_ALIMENTICIA;Portaria SRE 12/2026;56;17.079.02;1602.32.10;Preparações de frango >=57%, não cozidas;;IVA_ST;65.17;True;2026-05-01;2029-01-31;ATIVO_NA_DATA_REFERENCIA;https://legislacao.fazenda.sp.gov.br/Paginas/Portaria-SRE-12-de-2026.aspx;
XVI;PRODUTOS_INDUSTRIA_ALIMENTICIA;Portaria SRE 12/2026;57;17.079.03;1602.32.20;Preparações de frango >=57%, cozidas;;IVA_ST;52.3;True;2026-05-01;2029-01-31;ATIVO_NA_DATA_REFERENCIA;https://legislacao.fazenda.sp.gov.br/Paginas/Portaria-SRE-12-de-2026.aspx;
XVI;PRODUTOS_INDUSTRIA_ALIMENTICIA;Portaria SRE 12/2026;58;17.079.04;1602.41.00;Preparações suínas - pernas/pedaços;;IVA_ST;61.45;True;2026-05-01;2029-01-31;ATIVO_NA_DATA_REFERENCIA;https://legislacao.fazenda.sp.gov.br/Paginas/Portaria-SRE-12-de-2026.aspx;
XVI;PRODUTOS_INDUSTRIA_ALIMENTICIA;Portaria SRE 12/2026;59;17.079.05;1602.49.00;Outras preparações suínas;;IVA_ST;60.43;True;2026-05-01;2029-01-31;ATIVO_NA_DATA_REFERENCIA;https://legislacao.fazenda.sp.gov.br/Paginas/Portaria-SRE-12-de-2026.aspx;
XVI;PRODUTOS_INDUSTRIA_ALIMENTICIA;Portaria SRE 12/2026;60;17.079.06;1602.50.00;Preparações bovinas;;IVA_ST;53.99;True;2026-05-01;2029-01-31;ATIVO_NA_DATA_REFERENCIA;https://legislacao.fazenda.sp.gov.br/Paginas/Portaria-SRE-12-de-2026.aspx;
XVI;PRODUTOS_INDUSTRIA_ALIMENTICIA;Portaria SRE 12/2026;61;17.079.07;1602.49.00;Apresuntado;;IVA_ST;55.01;True;2026-05-01;2029-01-31;ATIVO_NA_DATA_REFERENCIA;https://legislacao.fazenda.sp.gov.br/Paginas/Portaria-SRE-12-de-2026.aspx;
XVI;PRODUTOS_INDUSTRIA_ALIMENTICIA;Portaria SRE 12/2026;62;17.080.00;1604;Preparações/conservas de peixes;;IVA_ST;60.23;True;2026-05-01;2029-01-31;ATIVO_NA_DATA_REFERENCIA;https://legislacao.fazenda.sp.gov.br/Paginas/Portaria-SRE-12-de-2026.aspx;
XVI;PRODUTOS_INDUSTRIA_ALIMENTICIA;Portaria SRE 12/2026;63;17.080.01;1604.20.10;Preparações/conservas de atuns;;IVA_ST;62.99;True;2026-05-01;2029-01-31;ATIVO_NA_DATA_REFERENCIA;https://legislacao.fazenda.sp.gov.br/Paginas/Portaria-SRE-12-de-2026.aspx;
XVI;PRODUTOS_INDUSTRIA_ALIMENTICIA;Portaria SRE 12/2026;64;17.081.00;1604;Sardinha em conserva;;IVA_ST;40.63;True;2026-05-01;2029-01-31;ATIVO_NA_DATA_REFERENCIA;https://legislacao.fazenda.sp.gov.br/Paginas/Portaria-SRE-12-de-2026.aspx;
XVI;PRODUTOS_INDUSTRIA_ALIMENTICIA;Portaria SRE 12/2026;65;17.082.00;1605;Crustáceos/moluscos/invertebrados aquáticos preparados;;IVA_ST;71.5;True;2026-05-01;2029-01-31;ATIVO_NA_DATA_REFERENCIA;https://legislacao.fazenda.sp.gov.br/Paginas/Portaria-SRE-12-de-2026.aspx;
XVII;MATERIAIS_CONSTRUCAO_CONGENERES;Portaria SRE 88/2025;1;;;Usar descrição/CEST/NCM do mesmo item no Anexo XVII da CAT 68 e no Anexo Único da SRE 88/2025.;;IVA_ST;49.0;True;2026-01-01;2028-09-30;ATIVO_NA_DATA_REFERENCIA;https://legislacao.fazenda.sp.gov.br/Paginas/Portaria-SRE-88-de-2025.aspx;
XVII;MATERIAIS_CONSTRUCAO_CONGENERES;Portaria SRE 88/2025;2;;;Usar descrição/CEST/NCM do mesmo item no Anexo XVII da CAT 68 e no Anexo Único da SRE 88/2025.;;IVA_ST;70.0;True;2026-01-01;2028-09-30;ATIVO_NA_DATA_REFERENCIA;https://legislacao.fazenda.sp.gov.br/Paginas/Portaria-SRE-88-de-2025.aspx;
XVII;MATERIAIS_CONSTRUCAO_CONGENERES;Portaria SRE 88/2025;3;;;Usar descrição/CEST/NCM do mesmo item no Anexo XVII da CAT 68 e no Anexo Único da SRE 88/2025.;;IVA_ST;70.0;True;2026-01-01;2028-09-30;ATIVO_NA_DATA_REFERENCIA;https://legislacao.fazenda.sp.gov.br/Paginas/Portaria-SRE-88-de-2025.aspx;
XVII;MATERIAIS_CONSTRUCAO_CONGENERES;Portaria SRE 88/2025;4;;;Usar descrição/CEST/NCM do mesmo item no Anexo XVII da CAT 68 e no Anexo Único da SRE 88/2025.;;IVA_ST;139.0;True;2026-01-01;2028-09-30;ATIVO_NA_DATA_REFERENCIA;https://legislacao.fazenda.sp.gov.br/Paginas/Portaria-SRE-88-de-2025.aspx;
XVII;MATERIAIS_CONSTRUCAO_CONGENERES;Portaria SRE 88/2025;5;;;Usar descrição/CEST/NCM do mesmo item no Anexo XVII da CAT 68 e no Anexo Único da SRE 88/2025.;;IVA_ST;90.0;True;2026-01-01;2028-09-30;ATIVO_NA_DATA_REFERENCIA;https://legislacao.fazenda.sp.gov.br/Paginas/Portaria-SRE-88-de-2025.aspx;
XVII;MATERIAIS_CONSTRUCAO_CONGENERES;Portaria SRE 88/2025;6;;;Usar descrição/CEST/NCM do mesmo item no Anexo XVII da CAT 68 e no Anexo Único da SRE 88/2025.;;IVA_ST;72.0;True;2026-04-01;2028-09-30;ATIVO_NA_DATA_REFERENCIA;https://legislacao.fazenda.sp.gov.br/Paginas/Portaria-SRE-88-de-2025.aspx;
XVII;MATERIAIS_CONSTRUCAO_CONGENERES;Portaria SRE 88/2025;7;;;Usar descrição/CEST/NCM do mesmo item no Anexo XVII da CAT 68 e no Anexo Único da SRE 88/2025.;;IVA_ST;66.0;True;2026-04-01;2028-09-30;ATIVO_NA_DATA_REFERENCIA;https://legislacao.fazenda.sp.gov.br/Paginas/Portaria-SRE-88-de-2025.aspx;
XVII;MATERIAIS_CONSTRUCAO_CONGENERES;Portaria SRE 88/2025;8;;;Usar descrição/CEST/NCM do mesmo item no Anexo XVII da CAT 68 e no Anexo Único da SRE 88/2025.;;IVA_ST;72.0;True;2026-01-01;2028-09-30;ATIVO_NA_DATA_REFERENCIA;https://legislacao.fazenda.sp.gov.br/Paginas/Portaria-SRE-88-de-2025.aspx;
XVII;MATERIAIS_CONSTRUCAO_CONGENERES;Portaria SRE 88/2025;9;;;Usar descrição/CEST/NCM do mesmo item no Anexo XVII da CAT 68 e no Anexo Único da SRE 88/2025.;;IVA_ST;80.0;True;2026-01-01;2028-09-30;ATIVO_NA_DATA_REFERENCIA;https://legislacao.fazenda.sp.gov.br/Paginas/Portaria-SRE-88-de-2025.aspx;
XVII;MATERIAIS_CONSTRUCAO_CONGENERES;Portaria SRE 88/2025;10;;;Usar descrição/CEST/NCM do mesmo item no Anexo XVII da CAT 68 e no Anexo Único da SRE 88/2025.;;IVA_ST;179.0;True;2026-01-01;2028-09-30;ATIVO_NA_DATA_REFERENCIA;https://legislacao.fazenda.sp.gov.br/Paginas/Portaria-SRE-88-de-2025.aspx;
XVII;MATERIAIS_CONSTRUCAO_CONGENERES;Portaria SRE 88/2025;11;;;Usar descrição/CEST/NCM do mesmo item no Anexo XVII da CAT 68 e no Anexo Único da SRE 88/2025.;;IVA_ST;179.0;True;2026-01-01;2028-09-30;ATIVO_NA_DATA_REFERENCIA;https://legislacao.fazenda.sp.gov.br/Paginas/Portaria-SRE-88-de-2025.aspx;
XVII;MATERIAIS_CONSTRUCAO_CONGENERES;Portaria SRE 88/2025;12;;;Usar descrição/CEST/NCM do mesmo item no Anexo XVII da CAT 68 e no Anexo Único da SRE 88/2025.;;IVA_ST;101.0;True;2026-01-01;2028-09-30;ATIVO_NA_DATA_REFERENCIA;https://legislacao.fazenda.sp.gov.br/Paginas/Portaria-SRE-88-de-2025.aspx;
XVII;MATERIAIS_CONSTRUCAO_CONGENERES;Portaria SRE 88/2025;13;;;Usar descrição/CEST/NCM do mesmo item no Anexo XVII da CAT 68 e no Anexo Único da SRE 88/2025.;;IVA_ST;91.0;True;2026-01-01;2028-09-30;ATIVO_NA_DATA_REFERENCIA;https://legislacao.fazenda.sp.gov.br/Paginas/Portaria-SRE-88-de-2025.aspx;
XVII;MATERIAIS_CONSTRUCAO_CONGENERES;Portaria SRE 88/2025;14;;;Usar descrição/CEST/NCM do mesmo item no Anexo XVII da CAT 68 e no Anexo Único da SRE 88/2025.;;IVA_ST;179.0;True;2026-01-01;2028-09-30;ATIVO_NA_DATA_REFERENCIA;https://legislacao.fazenda.sp.gov.br/Paginas/Portaria-SRE-88-de-2025.aspx;
XVII;MATERIAIS_CONSTRUCAO_CONGENERES;Portaria SRE 88/2025;15;;;Usar descrição/CEST/NCM do mesmo item no Anexo XVII da CAT 68 e no Anexo Único da SRE 88/2025.;;IVA_ST;56.0;True;2026-01-01;2028-09-30;ATIVO_NA_DATA_REFERENCIA;https://legislacao.fazenda.sp.gov.br/Paginas/Portaria-SRE-88-de-2025.aspx;
XVII;MATERIAIS_CONSTRUCAO_CONGENERES;Portaria SRE 88/2025;16;;;Usar descrição/CEST/NCM do mesmo item no Anexo XVII da CAT 68 e no Anexo Único da SRE 88/2025.;;IVA_ST;53.0;True;2026-01-01;2028-09-30;ATIVO_NA_DATA_REFERENCIA;https://legislacao.fazenda.sp.gov.br/Paginas/Portaria-SRE-88-de-2025.aspx;
XVII;MATERIAIS_CONSTRUCAO_CONGENERES;Portaria SRE 88/2025;17;;;Usar descrição/CEST/NCM do mesmo item no Anexo XVII da CAT 68 e no Anexo Único da SRE 88/2025.;;IVA_ST;100.0;True;2026-01-01;2028-09-30;ATIVO_NA_DATA_REFERENCIA;https://legislacao.fazenda.sp.gov.br/Paginas/Portaria-SRE-88-de-2025.aspx;
XVII;MATERIAIS_CONSTRUCAO_CONGENERES;Portaria SRE 88/2025;18;;;Usar descrição/CEST/NCM do mesmo item no Anexo XVII da CAT 68 e no Anexo Único da SRE 88/2025.;;IVA_ST;120.0;True;2026-01-01;2028-09-30;ATIVO_NA_DATA_REFERENCIA;https://legislacao.fazenda.sp.gov.br/Paginas/Portaria-SRE-88-de-2025.aspx;
XVII;MATERIAIS_CONSTRUCAO_CONGENERES;Portaria SRE 88/2025;19;;;Usar descrição/CEST/NCM do mesmo item no Anexo XVII da CAT 68 e no Anexo Único da SRE 88/2025.;;IVA_ST;179.0;True;2026-01-01;2028-09-30;ATIVO_NA_DATA_REFERENCIA;https://legislacao.fazenda.sp.gov.br/Paginas/Portaria-SRE-88-de-2025.aspx;
XVII;MATERIAIS_CONSTRUCAO_CONGENERES;Portaria SRE 88/2025;20;;;Usar descrição/CEST/NCM do mesmo item no Anexo XVII da CAT 68 e no Anexo Único da SRE 88/2025.;;IVA_ST;94.0;True;2026-01-01;2028-09-30;ATIVO_NA_DATA_REFERENCIA;https://legislacao.fazenda.sp.gov.br/Paginas/Portaria-SRE-88-de-2025.aspx;
XVII;MATERIAIS_CONSTRUCAO_CONGENERES;Portaria SRE 88/2025;21;;;Usar descrição/CEST/NCM do mesmo item no Anexo XVII da CAT 68 e no Anexo Único da SRE 88/2025.;;IVA_ST;52.0;True;2026-01-01;2028-09-30;ATIVO_NA_DATA_REFERENCIA;https://legislacao.fazenda.sp.gov.br/Paginas/Portaria-SRE-88-de-2025.aspx;
XVII;MATERIAIS_CONSTRUCAO_CONGENERES;Portaria SRE 88/2025;23;;;Usar descrição/CEST/NCM do mesmo item no Anexo XVII da CAT 68 e no Anexo Único da SRE 88/2025.;;IVA_ST;179.0;True;2026-01-01;2028-09-30;ATIVO_NA_DATA_REFERENCIA;https://legislacao.fazenda.sp.gov.br/Paginas/Portaria-SRE-88-de-2025.aspx;
XVII;MATERIAIS_CONSTRUCAO_CONGENERES;Portaria SRE 88/2025;24;;;Usar descrição/CEST/NCM do mesmo item no Anexo XVII da CAT 68 e no Anexo Único da SRE 88/2025.;;IVA_ST;81.0;True;2026-01-01;2028-09-30;ATIVO_NA_DATA_REFERENCIA;https://legislacao.fazenda.sp.gov.br/Paginas/Portaria-SRE-88-de-2025.aspx;
XVII;MATERIAIS_CONSTRUCAO_CONGENERES;Portaria SRE 88/2025;25;;;Usar descrição/CEST/NCM do mesmo item no Anexo XVII da CAT 68 e no Anexo Único da SRE 88/2025.;;IVA_ST;63.0;True;2026-01-01;2028-09-30;ATIVO_NA_DATA_REFERENCIA;https://legislacao.fazenda.sp.gov.br/Paginas/Portaria-SRE-88-de-2025.aspx;
XVII;MATERIAIS_CONSTRUCAO_CONGENERES;Portaria SRE 88/2025;26;;;Usar descrição/CEST/NCM do mesmo item no Anexo XVII da CAT 68 e no Anexo Único da SRE 88/2025.;;IVA_ST;179.0;True;2026-01-01;2028-09-30;ATIVO_NA_DATA_REFERENCIA;https://legislacao.fazenda.sp.gov.br/Paginas/Portaria-SRE-88-de-2025.aspx;
XVII;MATERIAIS_CONSTRUCAO_CONGENERES;Portaria SRE 88/2025;27;;;Usar descrição/CEST/NCM do mesmo item no Anexo XVII da CAT 68 e no Anexo Único da SRE 88/2025.;;IVA_ST;59.0;True;2026-01-01;2028-09-30;ATIVO_NA_DATA_REFERENCIA;https://legislacao.fazenda.sp.gov.br/Paginas/Portaria-SRE-88-de-2025.aspx;
XVII;MATERIAIS_CONSTRUCAO_CONGENERES;Portaria SRE 88/2025;28;;;Usar descrição/CEST/NCM do mesmo item no Anexo XVII da CAT 68 e no Anexo Único da SRE 88/2025.;;IVA_ST;59.0;True;2026-01-01;2028-09-30;ATIVO_NA_DATA_REFERENCIA;https://legislacao.fazenda.sp.gov.br/Paginas/Portaria-SRE-88-de-2025.aspx;
XVII;MATERIAIS_CONSTRUCAO_CONGENERES;Portaria SRE 88/2025;29;;;Usar descrição/CEST/NCM do mesmo item no Anexo XVII da CAT 68 e no Anexo Único da SRE 88/2025.;;IVA_ST;161.0;True;2026-01-01;2028-09-30;ATIVO_NA_DATA_REFERENCIA;https://legislacao.fazenda.sp.gov.br/Paginas/Portaria-SRE-88-de-2025.aspx;
XVII;MATERIAIS_CONSTRUCAO_CONGENERES;Portaria SRE 88/2025;30;;;Usar descrição/CEST/NCM do mesmo item no Anexo XVII da CAT 68 e no Anexo Único da SRE 88/2025.;;IVA_ST;77.0;True;2026-01-01;2028-09-30;ATIVO_NA_DATA_REFERENCIA;https://legislacao.fazenda.sp.gov.br/Paginas/Portaria-SRE-88-de-2025.aspx;
XVII;MATERIAIS_CONSTRUCAO_CONGENERES;Portaria SRE 88/2025;31;;;Usar descrição/CEST/NCM do mesmo item no Anexo XVII da CAT 68 e no Anexo Único da SRE 88/2025.;;IVA_ST;72.0;True;2026-01-01;2028-09-30;ATIVO_NA_DATA_REFERENCIA;https://legislacao.fazenda.sp.gov.br/Paginas/Portaria-SRE-88-de-2025.aspx;
XVII;MATERIAIS_CONSTRUCAO_CONGENERES;Portaria SRE 88/2025;32;;;Usar descrição/CEST/NCM do mesmo item no Anexo XVII da CAT 68 e no Anexo Único da SRE 88/2025.;;IVA_ST;65.0;True;2026-01-01;2028-09-30;ATIVO_NA_DATA_REFERENCIA;https://legislacao.fazenda.sp.gov.br/Paginas/Portaria-SRE-88-de-2025.aspx;
XVII;MATERIAIS_CONSTRUCAO_CONGENERES;Portaria SRE 88/2025;33;;;Usar descrição/CEST/NCM do mesmo item no Anexo XVII da CAT 68 e no Anexo Único da SRE 88/2025.;;IVA_ST;46.0;True;2026-01-01;2028-09-30;ATIVO_NA_DATA_REFERENCIA;https://legislacao.fazenda.sp.gov.br/Paginas/Portaria-SRE-88-de-2025.aspx;
XVII;MATERIAIS_CONSTRUCAO_CONGENERES;Portaria SRE 88/2025;34;;;Usar descrição/CEST/NCM do mesmo item no Anexo XVII da CAT 68 e no Anexo Único da SRE 88/2025.;;IVA_ST;40.0;True;2026-01-01;2028-09-30;ATIVO_NA_DATA_REFERENCIA;https://legislacao.fazenda.sp.gov.br/Paginas/Portaria-SRE-88-de-2025.aspx;
XVII;MATERIAIS_CONSTRUCAO_CONGENERES;Portaria SRE 88/2025;35;;;Usar descrição/CEST/NCM do mesmo item no Anexo XVII da CAT 68 e no Anexo Único da SRE 88/2025.;;IVA_ST;55.0;True;2026-01-01;2028-09-30;ATIVO_NA_DATA_REFERENCIA;https://legislacao.fazenda.sp.gov.br/Paginas/Portaria-SRE-88-de-2025.aspx;
XVII;MATERIAIS_CONSTRUCAO_CONGENERES;Portaria SRE 88/2025;36;;;Usar descrição/CEST/NCM do mesmo item no Anexo XVII da CAT 68 e no Anexo Único da SRE 88/2025.;;IVA_ST;70.0;True;2026-04-01;2028-09-30;ATIVO_NA_DATA_REFERENCIA;https://legislacao.fazenda.sp.gov.br/Paginas/Portaria-SRE-88-de-2025.aspx;
XVII;MATERIAIS_CONSTRUCAO_CONGENERES;Portaria SRE 88/2025;37;;;Usar descrição/CEST/NCM do mesmo item no Anexo XVII da CAT 68 e no Anexo Único da SRE 88/2025.;;IVA_ST;49.0;True;2026-01-01;2028-09-30;ATIVO_NA_DATA_REFERENCIA;https://legislacao.fazenda.sp.gov.br/Paginas/Portaria-SRE-88-de-2025.aspx;
XVII;MATERIAIS_CONSTRUCAO_CONGENERES;Portaria SRE 88/2025;38;;;Usar descrição/CEST/NCM do mesmo item no Anexo XVII da CAT 68 e no Anexo Único da SRE 88/2025.;;IVA_ST;45.0;True;2026-01-01;2028-09-30;ATIVO_NA_DATA_REFERENCIA;https://legislacao.fazenda.sp.gov.br/Paginas/Portaria-SRE-88-de-2025.aspx;
XVII;MATERIAIS_CONSTRUCAO_CONGENERES;Portaria SRE 88/2025;39;;;Usar descrição/CEST/NCM do mesmo item no Anexo XVII da CAT 68 e no Anexo Único da SRE 88/2025.;;IVA_ST;179.0;True;2026-01-01;2028-09-30;ATIVO_NA_DATA_REFERENCIA;https://legislacao.fazenda.sp.gov.br/Paginas/Portaria-SRE-88-de-2025.aspx;
XVII;MATERIAIS_CONSTRUCAO_CONGENERES;Portaria SRE 88/2025;40;;;Usar descrição/CEST/NCM do mesmo item no Anexo XVII da CAT 68 e no Anexo Único da SRE 88/2025.;;IVA_ST;47.0;True;2026-01-01;2028-09-30;ATIVO_NA_DATA_REFERENCIA;https://legislacao.fazenda.sp.gov.br/Paginas/Portaria-SRE-88-de-2025.aspx;
XVII;MATERIAIS_CONSTRUCAO_CONGENERES;Portaria SRE 88/2025;41;;;Usar descrição/CEST/NCM do mesmo item no Anexo XVII da CAT 68 e no Anexo Único da SRE 88/2025.;;IVA_ST;67.0;True;2026-01-01;2028-09-30;ATIVO_NA_DATA_REFERENCIA;https://legislacao.fazenda.sp.gov.br/Paginas/Portaria-SRE-88-de-2025.aspx;
XVII;MATERIAIS_CONSTRUCAO_CONGENERES;Portaria SRE 88/2025;42;;;Usar descrição/CEST/NCM do mesmo item no Anexo XVII da CAT 68 e no Anexo Único da SRE 88/2025.;;IVA_ST;179.0;True;2026-01-01;2028-09-30;ATIVO_NA_DATA_REFERENCIA;https://legislacao.fazenda.sp.gov.br/Paginas/Portaria-SRE-88-de-2025.aspx;
XVII;MATERIAIS_CONSTRUCAO_CONGENERES;Portaria SRE 88/2025;43;;;Usar descrição/CEST/NCM do mesmo item no Anexo XVII da CAT 68 e no Anexo Único da SRE 88/2025.;;IVA_ST;179.0;True;2026-01-01;2028-09-30;ATIVO_NA_DATA_REFERENCIA;https://legislacao.fazenda.sp.gov.br/Paginas/Portaria-SRE-88-de-2025.aspx;
XVII;MATERIAIS_CONSTRUCAO_CONGENERES;Portaria SRE 88/2025;44;;;Usar descrição/CEST/NCM do mesmo item no Anexo XVII da CAT 68 e no Anexo Único da SRE 88/2025.;;IVA_ST;179.0;True;2026-01-01;2028-09-30;ATIVO_NA_DATA_REFERENCIA;https://legislacao.fazenda.sp.gov.br/Paginas/Portaria-SRE-88-de-2025.aspx;
XVII;MATERIAIS_CONSTRUCAO_CONGENERES;Portaria SRE 88/2025;45;;;Usar descrição/CEST/NCM do mesmo item no Anexo XVII da CAT 68 e no Anexo Único da SRE 88/2025.;;IVA_ST;145.0;True;2026-01-01;2028-09-30;ATIVO_NA_DATA_REFERENCIA;https://legislacao.fazenda.sp.gov.br/Paginas/Portaria-SRE-88-de-2025.aspx;
XVII;MATERIAIS_CONSTRUCAO_CONGENERES;Portaria SRE 88/2025;46;;;Usar descrição/CEST/NCM do mesmo item no Anexo XVII da CAT 68 e no Anexo Único da SRE 88/2025.;;IVA_ST;179.0;True;2026-01-01;2028-09-30;ATIVO_NA_DATA_REFERENCIA;https://legislacao.fazenda.sp.gov.br/Paginas/Portaria-SRE-88-de-2025.aspx;
XVII;MATERIAIS_CONSTRUCAO_CONGENERES;Portaria SRE 88/2025;47;;;Usar descrição/CEST/NCM do mesmo item no Anexo XVII da CAT 68 e no Anexo Único da SRE 88/2025.;;IVA_ST;179.0;True;2026-01-01;2028-09-30;ATIVO_NA_DATA_REFERENCIA;https://legislacao.fazenda.sp.gov.br/Paginas/Portaria-SRE-88-de-2025.aspx;
XVII;MATERIAIS_CONSTRUCAO_CONGENERES;Portaria SRE 88/2025;48;;;Usar descrição/CEST/NCM do mesmo item no Anexo XVII da CAT 68 e no Anexo Único da SRE 88/2025.;;IVA_ST;179.0;True;2026-01-01;2028-09-30;ATIVO_NA_DATA_REFERENCIA;https://legislacao.fazenda.sp.gov.br/Paginas/Portaria-SRE-88-de-2025.aspx;
XVII;MATERIAIS_CONSTRUCAO_CONGENERES;Portaria SRE 88/2025;49;;;Usar descrição/CEST/NCM do mesmo item no Anexo XVII da CAT 68 e no Anexo Único da SRE 88/2025.;;IVA_ST;179.0;True;2026-01-01;2028-09-30;ATIVO_NA_DATA_REFERENCIA;https://legislacao.fazenda.sp.gov.br/Paginas/Portaria-SRE-88-de-2025.aspx;
XVII;MATERIAIS_CONSTRUCAO_CONGENERES;Portaria SRE 88/2025;50;;;Usar descrição/CEST/NCM do mesmo item no Anexo XVII da CAT 68 e no Anexo Único da SRE 88/2025.;;IVA_ST;179.0;True;2026-01-01;2028-09-30;ATIVO_NA_DATA_REFERENCIA;https://legislacao.fazenda.sp.gov.br/Paginas/Portaria-SRE-88-de-2025.aspx;
XVII;MATERIAIS_CONSTRUCAO_CONGENERES;Portaria SRE 88/2025;52;;;Usar descrição/CEST/NCM do mesmo item no Anexo XVII da CAT 68 e no Anexo Único da SRE 88/2025.;;IVA_ST;79.0;True;2026-01-01;2028-09-30;ATIVO_NA_DATA_REFERENCIA;https://legislacao.fazenda.sp.gov.br/Paginas/Portaria-SRE-88-de-2025.aspx;
XVII;MATERIAIS_CONSTRUCAO_CONGENERES;Portaria SRE 88/2025;53;;;Usar descrição/CEST/NCM do mesmo item no Anexo XVII da CAT 68 e no Anexo Único da SRE 88/2025.;;IVA_ST;179.0;True;2026-01-01;2028-09-30;ATIVO_NA_DATA_REFERENCIA;https://legislacao.fazenda.sp.gov.br/Paginas/Portaria-SRE-88-de-2025.aspx;
XVII;MATERIAIS_CONSTRUCAO_CONGENERES;Portaria SRE 88/2025;54;;;Usar descrição/CEST/NCM do mesmo item no Anexo XVII da CAT 68 e no Anexo Único da SRE 88/2025.;;IVA_ST;66.0;True;2026-01-01;2028-09-30;ATIVO_NA_DATA_REFERENCIA;https://legislacao.fazenda.sp.gov.br/Paginas/Portaria-SRE-88-de-2025.aspx;
XVII;MATERIAIS_CONSTRUCAO_CONGENERES;Portaria SRE 88/2025;55;;;Usar descrição/CEST/NCM do mesmo item no Anexo XVII da CAT 68 e no Anexo Único da SRE 88/2025.;;IVA_ST;179.0;True;2026-01-01;2028-09-30;ATIVO_NA_DATA_REFERENCIA;https://legislacao.fazenda.sp.gov.br/Paginas/Portaria-SRE-88-de-2025.aspx;
XVII;MATERIAIS_CONSTRUCAO_CONGENERES;Portaria SRE 88/2025;56;;;Usar descrição/CEST/NCM do mesmo item no Anexo XVII da CAT 68 e no Anexo Único da SRE 88/2025.;;IVA_ST;179.0;True;2026-01-01;2028-09-30;ATIVO_NA_DATA_REFERENCIA;https://legislacao.fazenda.sp.gov.br/Paginas/Portaria-SRE-88-de-2025.aspx;
XVII;MATERIAIS_CONSTRUCAO_CONGENERES;Portaria SRE 88/2025;57;;;Usar descrição/CEST/NCM do mesmo item no Anexo XVII da CAT 68 e no Anexo Único da SRE 88/2025.;;IVA_ST;139.0;True;2026-01-01;2028-09-30;ATIVO_NA_DATA_REFERENCIA;https://legislacao.fazenda.sp.gov.br/Paginas/Portaria-SRE-88-de-2025.aspx;
XVII;MATERIAIS_CONSTRUCAO_CONGENERES;Portaria SRE 88/2025;58;;;Usar descrição/CEST/NCM do mesmo item no Anexo XVII da CAT 68 e no Anexo Único da SRE 88/2025.;;IVA_ST;51.0;True;2026-01-01;2028-09-30;ATIVO_NA_DATA_REFERENCIA;https://legislacao.fazenda.sp.gov.br/Paginas/Portaria-SRE-88-de-2025.aspx;
XVII;MATERIAIS_CONSTRUCAO_CONGENERES;Portaria SRE 88/2025;59;;;Usar descrição/CEST/NCM do mesmo item no Anexo XVII da CAT 68 e no Anexo Único da SRE 88/2025.;;IVA_ST;179.0;True;2026-01-01;2028-09-30;ATIVO_NA_DATA_REFERENCIA;https://legislacao.fazenda.sp.gov.br/Paginas/Portaria-SRE-88-de-2025.aspx;
XVII;MATERIAIS_CONSTRUCAO_CONGENERES;Portaria SRE 88/2025;60;;;Usar descrição/CEST/NCM do mesmo item no Anexo XVII da CAT 68 e no Anexo Único da SRE 88/2025.;;IVA_ST;112.0;True;2026-01-01;2028-09-30;ATIVO_NA_DATA_REFERENCIA;https://legislacao.fazenda.sp.gov.br/Paginas/Portaria-SRE-88-de-2025.aspx;
XVII;MATERIAIS_CONSTRUCAO_CONGENERES;Portaria SRE 88/2025;61;;;Usar descrição/CEST/NCM do mesmo item no Anexo XVII da CAT 68 e no Anexo Único da SRE 88/2025.;;IVA_ST;85.0;True;2026-01-01;2028-09-30;ATIVO_NA_DATA_REFERENCIA;https://legislacao.fazenda.sp.gov.br/Paginas/Portaria-SRE-88-de-2025.aspx;
XVII;MATERIAIS_CONSTRUCAO_CONGENERES;Portaria SRE 88/2025;62;;;Usar descrição/CEST/NCM do mesmo item no Anexo XVII da CAT 68 e no Anexo Único da SRE 88/2025.;;IVA_ST;134.0;True;2026-01-01;2028-09-30;ATIVO_NA_DATA_REFERENCIA;https://legislacao.fazenda.sp.gov.br/Paginas/Portaria-SRE-88-de-2025.aspx;
XVII;MATERIAIS_CONSTRUCAO_CONGENERES;Portaria SRE 88/2025;63;;;Usar descrição/CEST/NCM do mesmo item no Anexo XVII da CAT 68 e no Anexo Único da SRE 88/2025.;;IVA_ST;179.0;True;2026-01-01;2028-09-30;ATIVO_NA_DATA_REFERENCIA;https://legislacao.fazenda.sp.gov.br/Paginas/Portaria-SRE-88-de-2025.aspx;
XVII;MATERIAIS_CONSTRUCAO_CONGENERES;Portaria SRE 88/2025;64;;;Usar descrição/CEST/NCM do mesmo item no Anexo XVII da CAT 68 e no Anexo Único da SRE 88/2025.;;IVA_ST;58.0;True;2026-01-01;2028-09-30;ATIVO_NA_DATA_REFERENCIA;https://legislacao.fazenda.sp.gov.br/Paginas/Portaria-SRE-88-de-2025.aspx;
XVII;MATERIAIS_CONSTRUCAO_CONGENERES;Portaria SRE 88/2025;65;;;Usar descrição/CEST/NCM do mesmo item no Anexo XVII da CAT 68 e no Anexo Único da SRE 88/2025.;;IVA_ST;85.0;True;2026-01-01;2028-09-30;ATIVO_NA_DATA_REFERENCIA;https://legislacao.fazenda.sp.gov.br/Paginas/Portaria-SRE-88-de-2025.aspx;
XVIII;FERRAMENTAS;Portaria SRE 78/2025;1;;;Usar descrição/CEST/NCM do item correspondente da SRE 78/2025/CAT 68.;;IVA_ST;77.0;True;2026-01-01;2026-09-30;ATIVO_NA_DATA_REFERENCIA;https://legislacao.fazenda.sp.gov.br/Paginas/Portaria-SRE-78-de-2025.aspx;Anexo XVIII da CAT 68 deixa de estar em ST em 01/10/2026.
XVIII;FERRAMENTAS;Portaria SRE 78/2025;2;;;Usar descrição/CEST/NCM do item correspondente da SRE 78/2025/CAT 68.;;IVA_ST;61.0;True;2026-01-01;2026-09-30;ATIVO_NA_DATA_REFERENCIA;https://legislacao.fazenda.sp.gov.br/Paginas/Portaria-SRE-78-de-2025.aspx;Anexo XVIII da CAT 68 deixa de estar em ST em 01/10/2026.
XVIII;FERRAMENTAS;Portaria SRE 78/2025;3;;;Usar descrição/CEST/NCM do item correspondente da SRE 78/2025/CAT 68.;;IVA_ST;55.0;True;2026-01-01;2026-09-30;ATIVO_NA_DATA_REFERENCIA;https://legislacao.fazenda.sp.gov.br/Paginas/Portaria-SRE-78-de-2025.aspx;Anexo XVIII da CAT 68 deixa de estar em ST em 01/10/2026.
XVIII;FERRAMENTAS;Portaria SRE 78/2025;4;;;Usar descrição/CEST/NCM do item correspondente da SRE 78/2025/CAT 68.;;IVA_ST;43.0;True;2026-01-01;2026-09-30;ATIVO_NA_DATA_REFERENCIA;https://legislacao.fazenda.sp.gov.br/Paginas/Portaria-SRE-78-de-2025.aspx;Anexo XVIII da CAT 68 deixa de estar em ST em 01/10/2026.
XVIII;FERRAMENTAS;Portaria SRE 78/2025;5;;;Usar descrição/CEST/NCM do item correspondente da SRE 78/2025/CAT 68.;;IVA_ST;55.0;True;2026-01-01;2026-09-30;ATIVO_NA_DATA_REFERENCIA;https://legislacao.fazenda.sp.gov.br/Paginas/Portaria-SRE-78-de-2025.aspx;Anexo XVIII da CAT 68 deixa de estar em ST em 01/10/2026.
XVIII;FERRAMENTAS;Portaria SRE 78/2025;6;;;Usar descrição/CEST/NCM do item correspondente da SRE 78/2025/CAT 68.;;IVA_ST;55.0;True;2026-01-01;2026-09-30;ATIVO_NA_DATA_REFERENCIA;https://legislacao.fazenda.sp.gov.br/Paginas/Portaria-SRE-78-de-2025.aspx;Anexo XVIII da CAT 68 deixa de estar em ST em 01/10/2026.
XVIII;FERRAMENTAS;Portaria SRE 78/2025;7;;;Usar descrição/CEST/NCM do item correspondente da SRE 78/2025/CAT 68.;;IVA_ST;52.0;True;2026-01-01;2026-09-30;ATIVO_NA_DATA_REFERENCIA;https://legislacao.fazenda.sp.gov.br/Paginas/Portaria-SRE-78-de-2025.aspx;Anexo XVIII da CAT 68 deixa de estar em ST em 01/10/2026.
XVIII;FERRAMENTAS;Portaria SRE 78/2025;8;;;Usar descrição/CEST/NCM do item correspondente da SRE 78/2025/CAT 68.;;IVA_ST;58.0;True;2026-01-01;2026-09-30;ATIVO_NA_DATA_REFERENCIA;https://legislacao.fazenda.sp.gov.br/Paginas/Portaria-SRE-78-de-2025.aspx;Anexo XVIII da CAT 68 deixa de estar em ST em 01/10/2026.
XVIII;FERRAMENTAS;Portaria SRE 78/2025;9;;;Usar descrição/CEST/NCM do item correspondente da SRE 78/2025/CAT 68.;;IVA_ST;47.0;True;2026-01-01;2026-09-30;ATIVO_NA_DATA_REFERENCIA;https://legislacao.fazenda.sp.gov.br/Paginas/Portaria-SRE-78-de-2025.aspx;Anexo XVIII da CAT 68 deixa de estar em ST em 01/10/2026.
XVIII;FERRAMENTAS;Portaria SRE 78/2025;10;;;Usar descrição/CEST/NCM do item correspondente da SRE 78/2025/CAT 68.;;IVA_ST;62.0;True;2026-01-01;2026-09-30;ATIVO_NA_DATA_REFERENCIA;https://legislacao.fazenda.sp.gov.br/Paginas/Portaria-SRE-78-de-2025.aspx;Anexo XVIII da CAT 68 deixa de estar em ST em 01/10/2026.
XVIII;FERRAMENTAS;Portaria SRE 78/2025;11;;;Usar descrição/CEST/NCM do item correspondente da SRE 78/2025/CAT 68.;;IVA_ST;57.0;True;2026-01-01;2026-09-30;ATIVO_NA_DATA_REFERENCIA;https://legislacao.fazenda.sp.gov.br/Paginas/Portaria-SRE-78-de-2025.aspx;Anexo XVIII da CAT 68 deixa de estar em ST em 01/10/2026.
XVIII;FERRAMENTAS;Portaria SRE 78/2025;12;;;Usar descrição/CEST/NCM do item correspondente da SRE 78/2025/CAT 68.;;IVA_ST;107.0;True;2026-01-01;2026-09-30;ATIVO_NA_DATA_REFERENCIA;https://legislacao.fazenda.sp.gov.br/Paginas/Portaria-SRE-78-de-2025.aspx;Anexo XVIII da CAT 68 deixa de estar em ST em 01/10/2026.
XVIII;FERRAMENTAS;Portaria SRE 78/2025;13;;;Usar descrição/CEST/NCM do item correspondente da SRE 78/2025/CAT 68.;;IVA_ST;54.0;True;2026-01-01;2026-09-30;ATIVO_NA_DATA_REFERENCIA;https://legislacao.fazenda.sp.gov.br/Paginas/Portaria-SRE-78-de-2025.aspx;Anexo XVIII da CAT 68 deixa de estar em ST em 01/10/2026.
XVIII;FERRAMENTAS;Portaria SRE 78/2025;14;;;Usar descrição/CEST/NCM do item correspondente da SRE 78/2025/CAT 68.;;IVA_ST;58.0;True;2026-01-01;2026-09-30;ATIVO_NA_DATA_REFERENCIA;https://legislacao.fazenda.sp.gov.br/Paginas/Portaria-SRE-78-de-2025.aspx;Anexo XVIII da CAT 68 deixa de estar em ST em 01/10/2026.
XVIII;FERRAMENTAS;Portaria SRE 78/2025;15;;;Usar descrição/CEST/NCM do item correspondente da SRE 78/2025/CAT 68.;;IVA_ST;50.0;True;2026-01-01;2026-09-30;ATIVO_NA_DATA_REFERENCIA;https://legislacao.fazenda.sp.gov.br/Paginas/Portaria-SRE-78-de-2025.aspx;Anexo XVIII da CAT 68 deixa de estar em ST em 01/10/2026.
XVIII;FERRAMENTAS;Portaria SRE 78/2025;16;;;Usar descrição/CEST/NCM do item correspondente da SRE 78/2025/CAT 68.;;IVA_ST;61.0;True;2026-01-01;2026-09-30;ATIVO_NA_DATA_REFERENCIA;https://legislacao.fazenda.sp.gov.br/Paginas/Portaria-SRE-78-de-2025.aspx;Anexo XVIII da CAT 68 deixa de estar em ST em 01/10/2026.
XVIII;FERRAMENTAS;Portaria SRE 78/2025;17;;;Usar descrição/CEST/NCM do item correspondente da SRE 78/2025/CAT 68.;;IVA_ST;59.0;True;2026-01-01;2026-09-30;ATIVO_NA_DATA_REFERENCIA;https://legislacao.fazenda.sp.gov.br/Paginas/Portaria-SRE-78-de-2025.aspx;Anexo XVIII da CAT 68 deixa de estar em ST em 01/10/2026.
XVIII;FERRAMENTAS;Portaria SRE 78/2025;18;;;Usar descrição/CEST/NCM do item correspondente da SRE 78/2025/CAT 68.;;IVA_ST;68.0;True;2026-01-01;2026-09-30;ATIVO_NA_DATA_REFERENCIA;https://legislacao.fazenda.sp.gov.br/Paginas/Portaria-SRE-78-de-2025.aspx;Anexo XVIII da CAT 68 deixa de estar em ST em 01/10/2026.
XVIII;FERRAMENTAS;Portaria SRE 78/2025;19;;;Usar descrição/CEST/NCM do item correspondente da SRE 78/2025/CAT 68.;;IVA_ST;71.0;True;2026-01-01;2026-09-30;ATIVO_NA_DATA_REFERENCIA;https://legislacao.fazenda.sp.gov.br/Paginas/Portaria-SRE-78-de-2025.aspx;Anexo XVIII da CAT 68 deixa de estar em ST em 01/10/2026.
XXI;MATERIAIS_ELETRICOS;Portaria SRE 86/2024;1;12.001.00;8504;Conforme Anexo Único da SRE 86/2024.;;IVA_ST;58.0;True;2025-01-01;2026-09-30;ATIVO_NA_DATA_REFERENCIA;https://legislacao.fazenda.sp.gov.br/Paginas/Portaria-SRE-86-de-2024.aspx;Anexo XXI da CAT 68 deixa de estar em ST em 01/10/2026.
XXI;MATERIAIS_ELETRICOS;Portaria SRE 86/2024;2;12.002.00;8516;Conforme Anexo Único da SRE 86/2024.;;IVA_ST;46.0;True;2025-01-01;2026-09-30;ATIVO_NA_DATA_REFERENCIA;https://legislacao.fazenda.sp.gov.br/Paginas/Portaria-SRE-86-de-2024.aspx;Anexo XXI da CAT 68 deixa de estar em ST em 01/10/2026.
XXI;MATERIAIS_ELETRICOS;Portaria SRE 86/2024;3;12.003.00;8535;Conforme Anexo Único da SRE 86/2024.;;IVA_ST;48.0;True;2025-01-01;2026-09-30;ATIVO_NA_DATA_REFERENCIA;https://legislacao.fazenda.sp.gov.br/Paginas/Portaria-SRE-86-de-2024.aspx;Anexo XXI da CAT 68 deixa de estar em ST em 01/10/2026.
XXI;MATERIAIS_ELETRICOS;Portaria SRE 86/2024;4;12.004.00;8536;Conforme Anexo Único da SRE 86/2024.;;IVA_ST;50.0;True;2025-01-01;2026-09-30;ATIVO_NA_DATA_REFERENCIA;https://legislacao.fazenda.sp.gov.br/Paginas/Portaria-SRE-86-de-2024.aspx;Anexo XXI da CAT 68 deixa de estar em ST em 01/10/2026.
XXI;MATERIAIS_ELETRICOS;Portaria SRE 86/2024;5;12.005.00;8538;Conforme Anexo Único da SRE 86/2024.;;IVA_ST;57.0;True;2025-01-01;2026-09-30;ATIVO_NA_DATA_REFERENCIA;https://legislacao.fazenda.sp.gov.br/Paginas/Portaria-SRE-86-de-2024.aspx;Anexo XXI da CAT 68 deixa de estar em ST em 01/10/2026.
XXI;MATERIAIS_ELETRICOS;Portaria SRE 86/2024;6;12.006.00;7413.00.00;Conforme Anexo Único da SRE 86/2024.;;IVA_ST;87.0;True;2025-01-01;2026-09-30;ATIVO_NA_DATA_REFERENCIA;https://legislacao.fazenda.sp.gov.br/Paginas/Portaria-SRE-86-de-2024.aspx;Anexo XXI da CAT 68 deixa de estar em ST em 01/10/2026.
XXI;MATERIAIS_ELETRICOS;Portaria SRE 86/2024;7;12.007.00;"8544;7605;7614";Conforme Anexo Único da SRE 86/2024.;;IVA_ST;42.0;True;2025-01-01;2026-09-30;ATIVO_NA_DATA_REFERENCIA;https://legislacao.fazenda.sp.gov.br/Paginas/Portaria-SRE-86-de-2024.aspx;Anexo XXI da CAT 68 deixa de estar em ST em 01/10/2026.
XXI;MATERIAIS_ELETRICOS;Portaria SRE 86/2024;8;12.008.00;8546;Conforme Anexo Único da SRE 86/2024.;;IVA_ST;87.0;True;2025-01-01;2026-09-30;ATIVO_NA_DATA_REFERENCIA;https://legislacao.fazenda.sp.gov.br/Paginas/Portaria-SRE-86-de-2024.aspx;Anexo XXI da CAT 68 deixa de estar em ST em 01/10/2026.
XXI;MATERIAIS_ELETRICOS;Portaria SRE 86/2024;9;12.009.00;8547;Conforme Anexo Único da SRE 86/2024.;;IVA_ST;65.0;True;2025-01-01;2026-09-30;ATIVO_NA_DATA_REFERENCIA;https://legislacao.fazenda.sp.gov.br/Paginas/Portaria-SRE-86-de-2024.aspx;Anexo XXI da CAT 68 deixa de estar em ST em 01/10/2026.
XXII;ELETRONICOS_ELETROELETRONICOS_ELETRODOMESTICOS;Portaria SRE 32/2026;1;;;Usar CEST/NCM/descrição do item correspondente do Anexo Único da SRE 32/2026.;;IVA_ST;38.0;True;2026-08-01;2029-04-30;ATIVO_NA_DATA_REFERENCIA;https://legislacao.fazenda.sp.gov.br/Paginas/Portaria-SRE-32-de-2026.aspx;
XXII;ELETRONICOS_ELETROELETRONICOS_ELETRODOMESTICOS;Portaria SRE 32/2026;2;;;Usar CEST/NCM/descrição do item correspondente do Anexo Único da SRE 32/2026.;;IVA_ST;37.0;True;2026-08-01;2026-09-30;ATIVO_NA_DATA_REFERENCIA;https://legislacao.fazenda.sp.gov.br/Paginas/Portaria-SRE-32-de-2026.aspx;Item revogado em 01/10/2026 pela SRE 34/2026.
XXII;ELETRONICOS_ELETROELETRONICOS_ELETRODOMESTICOS;Portaria SRE 32/2026;3;;;Usar CEST/NCM/descrição do item correspondente do Anexo Único da SRE 32/2026.;;IVA_ST;35.0;True;2026-08-01;2026-09-30;ATIVO_NA_DATA_REFERENCIA;https://legislacao.fazenda.sp.gov.br/Paginas/Portaria-SRE-32-de-2026.aspx;Item revogado em 01/10/2026 pela SRE 34/2026.
XXII;ELETRONICOS_ELETROELETRONICOS_ELETRODOMESTICOS;Portaria SRE 32/2026;4;;;Usar CEST/NCM/descrição do item correspondente do Anexo Único da SRE 32/2026.;;IVA_ST;67.0;True;2026-08-01;2026-09-30;ATIVO_NA_DATA_REFERENCIA;https://legislacao.fazenda.sp.gov.br/Paginas/Portaria-SRE-32-de-2026.aspx;Item revogado em 01/10/2026 pela SRE 34/2026.
XXII;ELETRONICOS_ELETROELETRONICOS_ELETRODOMESTICOS;Portaria SRE 32/2026;5;;;Usar CEST/NCM/descrição do item correspondente do Anexo Único da SRE 32/2026.;;IVA_ST;41.0;True;2026-08-01;2026-09-30;ATIVO_NA_DATA_REFERENCIA;https://legislacao.fazenda.sp.gov.br/Paginas/Portaria-SRE-32-de-2026.aspx;Item revogado em 01/10/2026 pela SRE 34/2026.
XXII;ELETRONICOS_ELETROELETRONICOS_ELETRODOMESTICOS;Portaria SRE 32/2026;6;;;Usar CEST/NCM/descrição do item correspondente do Anexo Único da SRE 32/2026.;;IVA_ST;33.0;True;2026-08-01;2026-09-30;ATIVO_NA_DATA_REFERENCIA;https://legislacao.fazenda.sp.gov.br/Paginas/Portaria-SRE-32-de-2026.aspx;Item revogado em 01/10/2026 pela SRE 34/2026.
XXII;ELETRONICOS_ELETROELETRONICOS_ELETRODOMESTICOS;Portaria SRE 32/2026;7;;;Usar CEST/NCM/descrição do item correspondente do Anexo Único da SRE 32/2026.;;IVA_ST;50.0;True;2026-08-01;2026-09-30;ATIVO_NA_DATA_REFERENCIA;https://legislacao.fazenda.sp.gov.br/Paginas/Portaria-SRE-32-de-2026.aspx;Item revogado em 01/10/2026 pela SRE 34/2026.
XXII;ELETRONICOS_ELETROELETRONICOS_ELETRODOMESTICOS;Portaria SRE 32/2026;8;;;Usar CEST/NCM/descrição do item correspondente do Anexo Único da SRE 32/2026.;;IVA_ST;52.0;True;2026-08-01;2026-09-30;ATIVO_NA_DATA_REFERENCIA;https://legislacao.fazenda.sp.gov.br/Paginas/Portaria-SRE-32-de-2026.aspx;Item revogado em 01/10/2026 pela SRE 34/2026.
XXII;ELETRONICOS_ELETROELETRONICOS_ELETRODOMESTICOS;Portaria SRE 32/2026;9;;;Usar CEST/NCM/descrição do item correspondente do Anexo Único da SRE 32/2026.;;IVA_ST;29.0;True;2026-08-01;2026-09-30;ATIVO_NA_DATA_REFERENCIA;https://legislacao.fazenda.sp.gov.br/Paginas/Portaria-SRE-32-de-2026.aspx;Item revogado em 01/10/2026 pela SRE 34/2026.
XXII;ELETRONICOS_ELETROELETRONICOS_ELETRODOMESTICOS;Portaria SRE 32/2026;10;;;Usar CEST/NCM/descrição do item correspondente do Anexo Único da SRE 32/2026.;;IVA_ST;91.0;True;2026-08-01;2026-09-30;ATIVO_NA_DATA_REFERENCIA;https://legislacao.fazenda.sp.gov.br/Paginas/Portaria-SRE-32-de-2026.aspx;Item revogado em 01/10/2026 pela SRE 34/2026.
XXII;ELETRONICOS_ELETROELETRONICOS_ELETRODOMESTICOS;Portaria SRE 32/2026;11;;;Usar CEST/NCM/descrição do item correspondente do Anexo Único da SRE 32/2026.;;IVA_ST;38.0;True;2026-08-01;2026-09-30;ATIVO_NA_DATA_REFERENCIA;https://legislacao.fazenda.sp.gov.br/Paginas/Portaria-SRE-32-de-2026.aspx;Item revogado em 01/10/2026 pela SRE 34/2026.
XXII;ELETRONICOS_ELETROELETRONICOS_ELETRODOMESTICOS;Portaria SRE 32/2026;12;;;Usar CEST/NCM/descrição do item correspondente do Anexo Único da SRE 32/2026.;;IVA_ST;22.0;True;2026-08-01;2029-04-30;ATIVO_NA_DATA_REFERENCIA;https://legislacao.fazenda.sp.gov.br/Paginas/Portaria-SRE-32-de-2026.aspx;
XXII;ELETRONICOS_ELETROELETRONICOS_ELETRODOMESTICOS;Portaria SRE 32/2026;13;;;Usar CEST/NCM/descrição do item correspondente do Anexo Único da SRE 32/2026.;;IVA_ST;20.0;True;2026-08-01;2029-04-30;ATIVO_NA_DATA_REFERENCIA;https://legislacao.fazenda.sp.gov.br/Paginas/Portaria-SRE-32-de-2026.aspx;
XXII;ELETRONICOS_ELETROELETRONICOS_ELETRODOMESTICOS;Portaria SRE 32/2026;14;;;Usar CEST/NCM/descrição do item correspondente do Anexo Único da SRE 32/2026.;;IVA_ST;30.0;True;2026-08-01;2029-04-30;ATIVO_NA_DATA_REFERENCIA;https://legislacao.fazenda.sp.gov.br/Paginas/Portaria-SRE-32-de-2026.aspx;
XXII;ELETRONICOS_ELETROELETRONICOS_ELETRODOMESTICOS;Portaria SRE 32/2026;15;;;Usar CEST/NCM/descrição do item correspondente do Anexo Único da SRE 32/2026.;;IVA_ST;129.0;True;2026-08-01;2029-04-30;ATIVO_NA_DATA_REFERENCIA;https://legislacao.fazenda.sp.gov.br/Paginas/Portaria-SRE-32-de-2026.aspx;
XXII;ELETRONICOS_ELETROELETRONICOS_ELETRODOMESTICOS;Portaria SRE 32/2026;16;;;Usar CEST/NCM/descrição do item correspondente do Anexo Único da SRE 32/2026.;;IVA_ST;37.0;True;2026-08-01;2029-04-30;ATIVO_NA_DATA_REFERENCIA;https://legislacao.fazenda.sp.gov.br/Paginas/Portaria-SRE-32-de-2026.aspx;
XXII;ELETRONICOS_ELETROELETRONICOS_ELETRODOMESTICOS;Portaria SRE 32/2026;17;;;Usar CEST/NCM/descrição do item correspondente do Anexo Único da SRE 32/2026.;;IVA_ST;38.0;True;2026-08-01;2029-04-30;ATIVO_NA_DATA_REFERENCIA;https://legislacao.fazenda.sp.gov.br/Paginas/Portaria-SRE-32-de-2026.aspx;
XXII;ELETRONICOS_ELETROELETRONICOS_ELETRODOMESTICOS;Portaria SRE 32/2026;18;;;Usar CEST/NCM/descrição do item correspondente do Anexo Único da SRE 32/2026.;;IVA_ST;35.0;True;2026-08-01;2029-04-30;ATIVO_NA_DATA_REFERENCIA;https://legislacao.fazenda.sp.gov.br/Paginas/Portaria-SRE-32-de-2026.aspx;
XXII;ELETRONICOS_ELETROELETRONICOS_ELETRODOMESTICOS;Portaria SRE 32/2026;19;;;Usar CEST/NCM/descrição do item correspondente do Anexo Único da SRE 32/2026.;;IVA_ST;48.0;True;2026-08-01;2029-04-30;ATIVO_NA_DATA_REFERENCIA;https://legislacao.fazenda.sp.gov.br/Paginas/Portaria-SRE-32-de-2026.aspx;
XXII;ELETRONICOS_ELETROELETRONICOS_ELETRODOMESTICOS;Portaria SRE 32/2026;20;;;Usar CEST/NCM/descrição do item correspondente do Anexo Único da SRE 32/2026.;;IVA_ST;219.0;True;2026-08-01;2029-04-30;ATIVO_NA_DATA_REFERENCIA;https://legislacao.fazenda.sp.gov.br/Paginas/Portaria-SRE-32-de-2026.aspx;
XXII;ELETRONICOS_ELETROELETRONICOS_ELETRODOMESTICOS;Portaria SRE 32/2026;21;;;Usar CEST/NCM/descrição do item correspondente do Anexo Único da SRE 32/2026.;;IVA_ST;39.0;True;2026-08-01;2029-04-30;ATIVO_NA_DATA_REFERENCIA;https://legislacao.fazenda.sp.gov.br/Paginas/Portaria-SRE-32-de-2026.aspx;
XXII;ELETRONICOS_ELETROELETRONICOS_ELETRODOMESTICOS;Portaria SRE 32/2026;22;;;Usar CEST/NCM/descrição do item correspondente do Anexo Único da SRE 32/2026.;;IVA_ST;39.0;True;2026-08-01;2029-04-30;ATIVO_NA_DATA_REFERENCIA;https://legislacao.fazenda.sp.gov.br/Paginas/Portaria-SRE-32-de-2026.aspx;
XXII;ELETRONICOS_ELETROELETRONICOS_ELETRODOMESTICOS;Portaria SRE 32/2026;23;;;Usar CEST/NCM/descrição do item correspondente do Anexo Único da SRE 32/2026.;;IVA_ST;50.0;True;2026-08-01;2029-04-30;ATIVO_NA_DATA_REFERENCIA;https://legislacao.fazenda.sp.gov.br/Paginas/Portaria-SRE-32-de-2026.aspx;
XXII;ELETRONICOS_ELETROELETRONICOS_ELETRODOMESTICOS;Portaria SRE 32/2026;24;;;Usar CEST/NCM/descrição do item correspondente do Anexo Único da SRE 32/2026.;;IVA_ST;48.0;True;2026-08-01;2029-04-30;ATIVO_NA_DATA_REFERENCIA;https://legislacao.fazenda.sp.gov.br/Paginas/Portaria-SRE-32-de-2026.aspx;
XXII;ELETRONICOS_ELETROELETRONICOS_ELETRODOMESTICOS;Portaria SRE 32/2026;25;;;Usar CEST/NCM/descrição do item correspondente do Anexo Único da SRE 32/2026.;;IVA_ST;78.0;True;2026-08-01;2029-04-30;ATIVO_NA_DATA_REFERENCIA;https://legislacao.fazenda.sp.gov.br/Paginas/Portaria-SRE-32-de-2026.aspx;
XXII;ELETRONICOS_ELETROELETRONICOS_ELETRODOMESTICOS;Portaria SRE 32/2026;26;;;Usar CEST/NCM/descrição do item correspondente do Anexo Único da SRE 32/2026.;;IVA_ST;45.0;True;2026-08-01;2029-04-30;ATIVO_NA_DATA_REFERENCIA;https://legislacao.fazenda.sp.gov.br/Paginas/Portaria-SRE-32-de-2026.aspx;
XXII;ELETRONICOS_ELETROELETRONICOS_ELETRODOMESTICOS;Portaria SRE 32/2026;27;;;Usar CEST/NCM/descrição do item correspondente do Anexo Único da SRE 32/2026.;;IVA_ST;33.0;True;2026-08-01;2029-04-30;ATIVO_NA_DATA_REFERENCIA;https://legislacao.fazenda.sp.gov.br/Paginas/Portaria-SRE-32-de-2026.aspx;
XXII;ELETRONICOS_ELETROELETRONICOS_ELETRODOMESTICOS;Portaria SRE 32/2026;28;;;Usar CEST/NCM/descrição do item correspondente do Anexo Único da SRE 32/2026.;;IVA_ST;43.0;True;2026-08-01;2029-04-30;ATIVO_NA_DATA_REFERENCIA;https://legislacao.fazenda.sp.gov.br/Paginas/Portaria-SRE-32-de-2026.aspx;
XXII;ELETRONICOS_ELETROELETRONICOS_ELETRODOMESTICOS;Portaria SRE 32/2026;29;;;Usar CEST/NCM/descrição do item correspondente do Anexo Único da SRE 32/2026.;;IVA_ST;58.0;True;2026-08-01;2029-04-30;ATIVO_NA_DATA_REFERENCIA;https://legislacao.fazenda.sp.gov.br/Paginas/Portaria-SRE-32-de-2026.aspx;
XXII;ELETRONICOS_ELETROELETRONICOS_ELETRODOMESTICOS;Portaria SRE 32/2026;30;;;Usar CEST/NCM/descrição do item correspondente do Anexo Único da SRE 32/2026.;;IVA_ST;43.0;True;2026-08-01;2029-04-30;ATIVO_NA_DATA_REFERENCIA;https://legislacao.fazenda.sp.gov.br/Paginas/Portaria-SRE-32-de-2026.aspx;
XXII;ELETRONICOS_ELETROELETRONICOS_ELETRODOMESTICOS;Portaria SRE 32/2026;31;;;Usar CEST/NCM/descrição do item correspondente do Anexo Único da SRE 32/2026.;;IVA_ST;46.0;True;2026-08-01;2029-04-30;ATIVO_NA_DATA_REFERENCIA;https://legislacao.fazenda.sp.gov.br/Paginas/Portaria-SRE-32-de-2026.aspx;
XXII;ELETRONICOS_ELETROELETRONICOS_ELETRODOMESTICOS;Portaria SRE 32/2026;32;;;Usar CEST/NCM/descrição do item correspondente do Anexo Único da SRE 32/2026.;;IVA_ST;63.0;True;2026-08-01;2029-04-30;ATIVO_NA_DATA_REFERENCIA;https://legislacao.fazenda.sp.gov.br/Paginas/Portaria-SRE-32-de-2026.aspx;
XXII;ELETRONICOS_ELETROELETRONICOS_ELETRODOMESTICOS;Portaria SRE 32/2026;33;;;Usar CEST/NCM/descrição do item correspondente do Anexo Único da SRE 32/2026.;;IVA_ST;70.0;True;2026-08-01;2029-04-30;ATIVO_NA_DATA_REFERENCIA;https://legislacao.fazenda.sp.gov.br/Paginas/Portaria-SRE-32-de-2026.aspx;
XXII;ELETRONICOS_ELETROELETRONICOS_ELETRODOMESTICOS;Portaria SRE 32/2026;34;;;Usar CEST/NCM/descrição do item correspondente do Anexo Único da SRE 32/2026.;;IVA_ST;34.0;True;2026-08-01;2029-04-30;ATIVO_NA_DATA_REFERENCIA;https://legislacao.fazenda.sp.gov.br/Paginas/Portaria-SRE-32-de-2026.aspx;
XXII;ELETRONICOS_ELETROELETRONICOS_ELETRODOMESTICOS;Portaria SRE 32/2026;35;;;Usar CEST/NCM/descrição do item correspondente do Anexo Único da SRE 32/2026.;;IVA_ST;68.0;True;2026-08-01;2029-04-30;ATIVO_NA_DATA_REFERENCIA;https://legislacao.fazenda.sp.gov.br/Paginas/Portaria-SRE-32-de-2026.aspx;
XXII;ELETRONICOS_ELETROELETRONICOS_ELETRODOMESTICOS;Portaria SRE 32/2026;36;;;Usar CEST/NCM/descrição do item correspondente do Anexo Único da SRE 32/2026.;;IVA_ST;52.0;True;2026-08-01;2029-04-30;ATIVO_NA_DATA_REFERENCIA;https://legislacao.fazenda.sp.gov.br/Paginas/Portaria-SRE-32-de-2026.aspx;
XXII;ELETRONICOS_ELETROELETRONICOS_ELETRODOMESTICOS;Portaria SRE 32/2026;37;;;Usar CEST/NCM/descrição do item correspondente do Anexo Único da SRE 32/2026.;;IVA_ST;55.0;True;2026-08-01;2029-04-30;ATIVO_NA_DATA_REFERENCIA;https://legislacao.fazenda.sp.gov.br/Paginas/Portaria-SRE-32-de-2026.aspx;
XXII;ELETRONICOS_ELETROELETRONICOS_ELETRODOMESTICOS;Portaria SRE 32/2026;38;;;Usar CEST/NCM/descrição do item correspondente do Anexo Único da SRE 32/2026.;;IVA_ST;53.0;True;2026-08-01;2029-04-30;ATIVO_NA_DATA_REFERENCIA;https://legislacao.fazenda.sp.gov.br/Paginas/Portaria-SRE-32-de-2026.aspx;
XXII;ELETRONICOS_ELETROELETRONICOS_ELETRODOMESTICOS;Portaria SRE 32/2026;39;;;Usar CEST/NCM/descrição do item correspondente do Anexo Único da SRE 32/2026.;;IVA_ST;47.0;True;2026-08-01;2029-04-30;ATIVO_NA_DATA_REFERENCIA;https://legislacao.fazenda.sp.gov.br/Paginas/Portaria-SRE-32-de-2026.aspx;
XXII;ELETRONICOS_ELETROELETRONICOS_ELETRODOMESTICOS;Portaria SRE 32/2026;40;;;Usar CEST/NCM/descrição do item correspondente do Anexo Único da SRE 32/2026.;;IVA_ST;58.0;True;2026-08-01;2029-04-30;ATIVO_NA_DATA_REFERENCIA;https://legislacao.fazenda.sp.gov.br/Paginas/Portaria-SRE-32-de-2026.aspx;
XXII;ELETRONICOS_ELETROELETRONICOS_ELETRODOMESTICOS;Portaria SRE 32/2026;41;;;Usar CEST/NCM/descrição do item correspondente do Anexo Único da SRE 32/2026.;;IVA_ST;97.0;True;2026-08-01;2029-04-30;ATIVO_NA_DATA_REFERENCIA;https://legislacao.fazenda.sp.gov.br/Paginas/Portaria-SRE-32-de-2026.aspx;
XXII;ELETRONICOS_ELETROELETRONICOS_ELETRODOMESTICOS;Portaria SRE 32/2026;42;;;Usar CEST/NCM/descrição do item correspondente do Anexo Único da SRE 32/2026.;;IVA_ST;97.0;True;2026-08-01;2029-04-30;ATIVO_NA_DATA_REFERENCIA;https://legislacao.fazenda.sp.gov.br/Paginas/Portaria-SRE-32-de-2026.aspx;
XXII;ELETRONICOS_ELETROELETRONICOS_ELETRODOMESTICOS;Portaria SRE 32/2026;43;;;Usar CEST/NCM/descrição do item correspondente do Anexo Único da SRE 32/2026.;;IVA_ST;72.0;True;2026-08-01;2029-04-30;ATIVO_NA_DATA_REFERENCIA;https://legislacao.fazenda.sp.gov.br/Paginas/Portaria-SRE-32-de-2026.aspx;
XXII;ELETRONICOS_ELETROELETRONICOS_ELETRODOMESTICOS;Portaria SRE 32/2026;44;;;Usar CEST/NCM/descrição do item correspondente do Anexo Único da SRE 32/2026.;;IVA_ST;38.0;True;2026-08-01;2029-04-30;ATIVO_NA_DATA_REFERENCIA;https://legislacao.fazenda.sp.gov.br/Paginas/Portaria-SRE-32-de-2026.aspx;
XXII;ELETRONICOS_ELETROELETRONICOS_ELETRODOMESTICOS;Portaria SRE 32/2026;45;;;Usar CEST/NCM/descrição do item correspondente do Anexo Único da SRE 32/2026.;;IVA_ST;38.0;True;2026-08-01;2029-04-30;ATIVO_NA_DATA_REFERENCIA;https://legislacao.fazenda.sp.gov.br/Paginas/Portaria-SRE-32-de-2026.aspx;
XXII;ELETRONICOS_ELETROELETRONICOS_ELETRODOMESTICOS;Portaria SRE 32/2026;46;;;Usar CEST/NCM/descrição do item correspondente do Anexo Único da SRE 32/2026.;;IVA_ST;32.0;True;2026-08-01;2029-04-30;ATIVO_NA_DATA_REFERENCIA;https://legislacao.fazenda.sp.gov.br/Paginas/Portaria-SRE-32-de-2026.aspx;
XXII;ELETRONICOS_ELETROELETRONICOS_ELETRODOMESTICOS;Portaria SRE 32/2026;47;;;Usar CEST/NCM/descrição do item correspondente do Anexo Único da SRE 32/2026.;;IVA_ST;33.0;True;2026-08-01;2029-04-30;ATIVO_NA_DATA_REFERENCIA;https://legislacao.fazenda.sp.gov.br/Paginas/Portaria-SRE-32-de-2026.aspx;
XXII;ELETRONICOS_ELETROELETRONICOS_ELETRODOMESTICOS;Portaria SRE 32/2026;48;;;Usar CEST/NCM/descrição do item correspondente do Anexo Único da SRE 32/2026.;;IVA_ST;45.0;True;2026-08-01;2029-04-30;ATIVO_NA_DATA_REFERENCIA;https://legislacao.fazenda.sp.gov.br/Paginas/Portaria-SRE-32-de-2026.aspx;
XXII;ELETRONICOS_ELETROELETRONICOS_ELETRODOMESTICOS;Portaria SRE 32/2026;49;;;Usar CEST/NCM/descrição do item correspondente do Anexo Único da SRE 32/2026.;;IVA_ST;28.0;True;2026-08-01;2029-04-30;ATIVO_NA_DATA_REFERENCIA;https://legislacao.fazenda.sp.gov.br/Paginas/Portaria-SRE-32-de-2026.aspx;
XXII;ELETRONICOS_ELETROELETRONICOS_ELETRODOMESTICOS;Portaria SRE 32/2026;50;;;Usar CEST/NCM/descrição do item correspondente do Anexo Único da SRE 32/2026.;;IVA_ST;45.0;True;2026-08-01;2029-04-30;ATIVO_NA_DATA_REFERENCIA;https://legislacao.fazenda.sp.gov.br/Paginas/Portaria-SRE-32-de-2026.aspx;
XXII;ELETRONICOS_ELETROELETRONICOS_ELETRODOMESTICOS;Portaria SRE 32/2026;51;;;Usar CEST/NCM/descrição do item correspondente do Anexo Único da SRE 32/2026.;;IVA_ST;45.0;True;2026-08-01;2029-04-30;ATIVO_NA_DATA_REFERENCIA;https://legislacao.fazenda.sp.gov.br/Paginas/Portaria-SRE-32-de-2026.aspx;
XXII;ELETRONICOS_ELETROELETRONICOS_ELETRODOMESTICOS;Portaria SRE 32/2026;52;;;Usar CEST/NCM/descrição do item correspondente do Anexo Único da SRE 32/2026.;;IVA_ST;45.0;True;2026-08-01;2029-04-30;ATIVO_NA_DATA_REFERENCIA;https://legislacao.fazenda.sp.gov.br/Paginas/Portaria-SRE-32-de-2026.aspx;
XXII;ELETRONICOS_ELETROELETRONICOS_ELETRODOMESTICOS;Portaria SRE 32/2026;53;;;Usar CEST/NCM/descrição do item correspondente do Anexo Único da SRE 32/2026.;;IVA_ST;273.0;True;2026-08-01;2029-04-30;ATIVO_NA_DATA_REFERENCIA;https://legislacao.fazenda.sp.gov.br/Paginas/Portaria-SRE-32-de-2026.aspx;
XXII;ELETRONICOS_ELETROELETRONICOS_ELETRODOMESTICOS;Portaria SRE 32/2026;54;;;Usar CEST/NCM/descrição do item correspondente do Anexo Único da SRE 32/2026.;;IVA_ST;62.0;True;2026-08-01;2029-04-30;ATIVO_NA_DATA_REFERENCIA;https://legislacao.fazenda.sp.gov.br/Paginas/Portaria-SRE-32-de-2026.aspx;
XXII;ELETRONICOS_ELETROELETRONICOS_ELETRODOMESTICOS;Portaria SRE 32/2026;55;;;Usar CEST/NCM/descrição do item correspondente do Anexo Único da SRE 32/2026.;;IVA_ST;132.0;True;2026-08-01;2029-04-30;ATIVO_NA_DATA_REFERENCIA;https://legislacao.fazenda.sp.gov.br/Paginas/Portaria-SRE-32-de-2026.aspx;
XXII;ELETRONICOS_ELETROELETRONICOS_ELETRODOMESTICOS;Portaria SRE 32/2026;56;;;Usar CEST/NCM/descrição do item correspondente do Anexo Único da SRE 32/2026.;;IVA_ST;132.0;True;2026-08-01;2029-04-30;ATIVO_NA_DATA_REFERENCIA;https://legislacao.fazenda.sp.gov.br/Paginas/Portaria-SRE-32-de-2026.aspx;
XXII;ELETRONICOS_ELETROELETRONICOS_ELETRODOMESTICOS;Portaria SRE 32/2026;57;;;Usar CEST/NCM/descrição do item correspondente do Anexo Único da SRE 32/2026.;;IVA_ST;50.0;True;2026-08-01;2029-04-30;ATIVO_NA_DATA_REFERENCIA;https://legislacao.fazenda.sp.gov.br/Paginas/Portaria-SRE-32-de-2026.aspx;
XXII;ELETRONICOS_ELETROELETRONICOS_ELETRODOMESTICOS;Portaria SRE 32/2026;58;;;Usar CEST/NCM/descrição do item correspondente do Anexo Único da SRE 32/2026.;;IVA_ST;27.0;True;2026-08-01;2029-04-30;ATIVO_NA_DATA_REFERENCIA;https://legislacao.fazenda.sp.gov.br/Paginas/Portaria-SRE-32-de-2026.aspx;
XXII;ELETRONICOS_ELETROELETRONICOS_ELETRODOMESTICOS;Portaria SRE 32/2026;59;;;Usar CEST/NCM/descrição do item correspondente do Anexo Único da SRE 32/2026.;;IVA_ST;133.0;True;2026-08-01;2029-04-30;ATIVO_NA_DATA_REFERENCIA;https://legislacao.fazenda.sp.gov.br/Paginas/Portaria-SRE-32-de-2026.aspx;
XXII;ELETRONICOS_ELETROELETRONICOS_ELETRODOMESTICOS;Portaria SRE 32/2026;60;;;Usar CEST/NCM/descrição do item correspondente do Anexo Único da SRE 32/2026.;;IVA_ST;164.0;True;2026-08-01;2029-04-30;ATIVO_NA_DATA_REFERENCIA;https://legislacao.fazenda.sp.gov.br/Paginas/Portaria-SRE-32-de-2026.aspx;
XXII;ELETRONICOS_ELETROELETRONICOS_ELETRODOMESTICOS;Portaria SRE 32/2026;61;;;Usar CEST/NCM/descrição do item correspondente do Anexo Único da SRE 32/2026.;;IVA_ST;96.0;True;2026-08-01;2029-04-30;ATIVO_NA_DATA_REFERENCIA;https://legislacao.fazenda.sp.gov.br/Paginas/Portaria-SRE-32-de-2026.aspx;
XXII;ELETRONICOS_ELETROELETRONICOS_ELETRODOMESTICOS;Portaria SRE 32/2026;62;;;Usar CEST/NCM/descrição do item correspondente do Anexo Único da SRE 32/2026.;;IVA_ST;46.0;True;2026-08-01;2029-04-30;ATIVO_NA_DATA_REFERENCIA;https://legislacao.fazenda.sp.gov.br/Paginas/Portaria-SRE-32-de-2026.aspx;
XXII;ELETRONICOS_ELETROELETRONICOS_ELETRODOMESTICOS;Portaria SRE 32/2026;63;;;Usar CEST/NCM/descrição do item correspondente do Anexo Único da SRE 32/2026.;;IVA_ST;189.0;True;2026-08-01;2029-04-30;ATIVO_NA_DATA_REFERENCIA;https://legislacao.fazenda.sp.gov.br/Paginas/Portaria-SRE-32-de-2026.aspx;
XXII;ELETRONICOS_ELETROELETRONICOS_ELETRODOMESTICOS;Portaria SRE 32/2026;64;;;Usar CEST/NCM/descrição do item correspondente do Anexo Único da SRE 32/2026.;;IVA_ST;39.0;True;2026-08-01;2029-04-30;ATIVO_NA_DATA_REFERENCIA;https://legislacao.fazenda.sp.gov.br/Paginas/Portaria-SRE-32-de-2026.aspx;
XXII;ELETRONICOS_ELETROELETRONICOS_ELETRODOMESTICOS;Portaria SRE 32/2026;65;;;Usar CEST/NCM/descrição do item correspondente do Anexo Único da SRE 32/2026.;;IVA_ST;231.0;True;2026-08-01;2029-04-30;ATIVO_NA_DATA_REFERENCIA;https://legislacao.fazenda.sp.gov.br/Paginas/Portaria-SRE-32-de-2026.aspx;
XXII;ELETRONICOS_ELETROELETRONICOS_ELETRODOMESTICOS;Portaria SRE 32/2026;66;;;Usar CEST/NCM/descrição do item correspondente do Anexo Único da SRE 32/2026.;;IVA_ST;42.0;True;2026-08-01;2029-04-30;ATIVO_NA_DATA_REFERENCIA;https://legislacao.fazenda.sp.gov.br/Paginas/Portaria-SRE-32-de-2026.aspx;
XXII;ELETRONICOS_ELETROELETRONICOS_ELETRODOMESTICOS;Portaria SRE 32/2026;67;;;Usar CEST/NCM/descrição do item correspondente do Anexo Único da SRE 32/2026.;;IVA_ST;58.0;True;2026-08-01;2029-04-30;ATIVO_NA_DATA_REFERENCIA;https://legislacao.fazenda.sp.gov.br/Paginas/Portaria-SRE-32-de-2026.aspx;
XXII;ELETRONICOS_ELETROELETRONICOS_ELETRODOMESTICOS;Portaria SRE 32/2026;68;;;Usar CEST/NCM/descrição do item correspondente do Anexo Único da SRE 32/2026.;;IVA_ST;41.0;True;2026-08-01;2029-04-30;ATIVO_NA_DATA_REFERENCIA;https://legislacao.fazenda.sp.gov.br/Paginas/Portaria-SRE-32-de-2026.aspx;
XXII;ELETRONICOS_ELETROELETRONICOS_ELETRODOMESTICOS;Portaria SRE 32/2026;69;;;Usar CEST/NCM/descrição do item correspondente do Anexo Único da SRE 32/2026.;;IVA_ST;43.0;True;2026-08-01;2029-04-30;ATIVO_NA_DATA_REFERENCIA;https://legislacao.fazenda.sp.gov.br/Paginas/Portaria-SRE-32-de-2026.aspx;
XXII;ELETRONICOS_ELETROELETRONICOS_ELETRODOMESTICOS;Portaria SRE 32/2026;70;;;Usar CEST/NCM/descrição do item correspondente do Anexo Único da SRE 32/2026.;;IVA_ST;45.0;True;2026-08-01;2029-04-30;ATIVO_NA_DATA_REFERENCIA;https://legislacao.fazenda.sp.gov.br/Paginas/Portaria-SRE-32-de-2026.aspx;
XXII;ELETRONICOS_ELETROELETRONICOS_ELETRODOMESTICOS;Portaria SRE 32/2026;71;;;Usar CEST/NCM/descrição do item correspondente do Anexo Único da SRE 32/2026.;;IVA_ST;110.0;True;2026-08-01;2029-04-30;ATIVO_NA_DATA_REFERENCIA;https://legislacao.fazenda.sp.gov.br/Paginas/Portaria-SRE-32-de-2026.aspx;
XXII;ELETRONICOS_ELETROELETRONICOS_ELETRODOMESTICOS;Portaria SRE 32/2026;72;;;Usar CEST/NCM/descrição do item correspondente do Anexo Único da SRE 32/2026.;;IVA_ST;110.0;True;2026-08-01;2029-04-30;ATIVO_NA_DATA_REFERENCIA;https://legislacao.fazenda.sp.gov.br/Paginas/Portaria-SRE-32-de-2026.aspx;
XXII;ELETRONICOS_ELETROELETRONICOS_ELETRODOMESTICOS;Portaria SRE 32/2026;73;;;Usar CEST/NCM/descrição do item correspondente do Anexo Único da SRE 32/2026.;;IVA_ST;35.0;True;2026-08-01;2029-04-30;ATIVO_NA_DATA_REFERENCIA;https://legislacao.fazenda.sp.gov.br/Paginas/Portaria-SRE-32-de-2026.aspx;
XXII;ELETRONICOS_ELETROELETRONICOS_ELETRODOMESTICOS;Portaria SRE 32/2026;74;;;Usar CEST/NCM/descrição do item correspondente do Anexo Único da SRE 32/2026.;;IVA_ST;77.0;True;2026-08-01;2029-04-30;ATIVO_NA_DATA_REFERENCIA;https://legislacao.fazenda.sp.gov.br/Paginas/Portaria-SRE-32-de-2026.aspx;
XXII;ELETRONICOS_ELETROELETRONICOS_ELETRODOMESTICOS;Portaria SRE 32/2026;75;;;Usar CEST/NCM/descrição do item correspondente do Anexo Único da SRE 32/2026.;;IVA_ST;70.0;True;2026-08-01;2029-04-30;ATIVO_NA_DATA_REFERENCIA;https://legislacao.fazenda.sp.gov.br/Paginas/Portaria-SRE-32-de-2026.aspx;
XXII;ELETRONICOS_ELETROELETRONICOS_ELETRODOMESTICOS;Portaria SRE 32/2026;76;;;Usar CEST/NCM/descrição do item correspondente do Anexo Único da SRE 32/2026.;;IVA_ST;45.0;True;2026-08-01;2029-04-30;ATIVO_NA_DATA_REFERENCIA;https://legislacao.fazenda.sp.gov.br/Paginas/Portaria-SRE-32-de-2026.aspx;
XXII;ELETRONICOS_ELETROELETRONICOS_ELETRODOMESTICOS;Portaria SRE 32/2026;77;;;Usar CEST/NCM/descrição do item correspondente do Anexo Único da SRE 32/2026.;;IVA_ST;51.0;True;2026-08-01;2029-04-30;ATIVO_NA_DATA_REFERENCIA;https://legislacao.fazenda.sp.gov.br/Paginas/Portaria-SRE-32-de-2026.aspx;
XXII;ELETRONICOS_ELETROELETRONICOS_ELETRODOMESTICOS;Portaria SRE 32/2026;78;;;Usar CEST/NCM/descrição do item correspondente do Anexo Único da SRE 32/2026.;;IVA_ST;86.0;True;2026-08-01;2029-04-30;ATIVO_NA_DATA_REFERENCIA;https://legislacao.fazenda.sp.gov.br/Paginas/Portaria-SRE-32-de-2026.aspx;
XXII;ELETRONICOS_ELETROELETRONICOS_ELETRODOMESTICOS;Portaria SRE 32/2026;79;;;Usar CEST/NCM/descrição do item correspondente do Anexo Único da SRE 32/2026.;;IVA_ST;65.0;True;2026-08-01;2029-04-30;ATIVO_NA_DATA_REFERENCIA;https://legislacao.fazenda.sp.gov.br/Paginas/Portaria-SRE-32-de-2026.aspx;
XXII;ELETRONICOS_ELETROELETRONICOS_ELETRODOMESTICOS;Portaria SRE 32/2026;80;;;Usar CEST/NCM/descrição do item correspondente do Anexo Único da SRE 32/2026.;;IVA_ST;191.0;True;2026-08-01;2029-04-30;ATIVO_NA_DATA_REFERENCIA;https://legislacao.fazenda.sp.gov.br/Paginas/Portaria-SRE-32-de-2026.aspx;
XXII;ELETRONICOS_ELETROELETRONICOS_ELETRODOMESTICOS;Portaria SRE 32/2026;81;;;Usar CEST/NCM/descrição do item correspondente do Anexo Único da SRE 32/2026.;;IVA_ST;74.0;True;2026-08-01;2029-04-30;ATIVO_NA_DATA_REFERENCIA;https://legislacao.fazenda.sp.gov.br/Paginas/Portaria-SRE-32-de-2026.aspx;
XXII;ELETRONICOS_ELETROELETRONICOS_ELETRODOMESTICOS;Portaria SRE 32/2026;82;;;Usar CEST/NCM/descrição do item correspondente do Anexo Único da SRE 32/2026.;;IVA_ST;61.0;True;2026-08-01;2029-04-30;ATIVO_NA_DATA_REFERENCIA;https://legislacao.fazenda.sp.gov.br/Paginas/Portaria-SRE-32-de-2026.aspx;
XXII;ELETRONICOS_ELETROELETRONICOS_ELETRODOMESTICOS;Portaria SRE 32/2026;83;;;Usar CEST/NCM/descrição do item correspondente do Anexo Único da SRE 32/2026.;;IVA_ST;114.0;True;2026-08-01;2029-04-30;ATIVO_NA_DATA_REFERENCIA;https://legislacao.fazenda.sp.gov.br/Paginas/Portaria-SRE-32-de-2026.aspx;
XXII;ELETRONICOS_ELETROELETRONICOS_ELETRODOMESTICOS;Portaria SRE 32/2026;84;;;Usar CEST/NCM/descrição do item correspondente do Anexo Único da SRE 32/2026.;;IVA_ST;104.0;True;2026-08-01;2029-04-30;ATIVO_NA_DATA_REFERENCIA;https://legislacao.fazenda.sp.gov.br/Paginas/Portaria-SRE-32-de-2026.aspx;
XXII;ELETRONICOS_ELETROELETRONICOS_ELETRODOMESTICOS;Portaria SRE 32/2026;85;;;Usar CEST/NCM/descrição do item correspondente do Anexo Único da SRE 32/2026.;;IVA_ST;102.0;True;2026-08-01;2029-04-30;ATIVO_NA_DATA_REFERENCIA;https://legislacao.fazenda.sp.gov.br/Paginas/Portaria-SRE-32-de-2026.aspx;
XXII;ELETRONICOS_ELETROELETRONICOS_ELETRODOMESTICOS;Portaria SRE 32/2026;86;;;Usar CEST/NCM/descrição do item correspondente do Anexo Único da SRE 32/2026.;;IVA_ST;67.0;True;2026-08-01;2029-04-30;ATIVO_NA_DATA_REFERENCIA;https://legislacao.fazenda.sp.gov.br/Paginas/Portaria-SRE-32-de-2026.aspx;
XXII;ELETRONICOS_ELETROELETRONICOS_ELETRODOMESTICOS;Portaria SRE 32/2026;87;;;Usar CEST/NCM/descrição do item correspondente do Anexo Único da SRE 32/2026.;;IVA_ST;114.0;True;2026-08-01;2029-04-30;ATIVO_NA_DATA_REFERENCIA;https://legislacao.fazenda.sp.gov.br/Paginas/Portaria-SRE-32-de-2026.aspx;
XXII;ELETRONICOS_ELETROELETRONICOS_ELETRODOMESTICOS;Portaria SRE 32/2026;88;;;Usar CEST/NCM/descrição do item correspondente do Anexo Único da SRE 32/2026.;;IVA_ST;98.0;True;2026-08-01;2029-04-30;ATIVO_NA_DATA_REFERENCIA;https://legislacao.fazenda.sp.gov.br/Paginas/Portaria-SRE-32-de-2026.aspx;
XXII;ELETRONICOS_ELETROELETRONICOS_ELETRODOMESTICOS;Portaria SRE 32/2026;89;;;Usar CEST/NCM/descrição do item correspondente do Anexo Único da SRE 32/2026.;;IVA_ST;104.0;True;2026-08-01;2029-04-30;ATIVO_NA_DATA_REFERENCIA;https://legislacao.fazenda.sp.gov.br/Paginas/Portaria-SRE-32-de-2026.aspx;
XXII;ELETRONICOS_ELETROELETRONICOS_ELETRODOMESTICOS;Portaria SRE 32/2026;90;;;Usar CEST/NCM/descrição do item correspondente do Anexo Único da SRE 32/2026.;;IVA_ST;86.0;True;2026-08-01;2029-04-30;ATIVO_NA_DATA_REFERENCIA;https://legislacao.fazenda.sp.gov.br/Paginas/Portaria-SRE-32-de-2026.aspx;
XXII;ELETRONICOS_ELETROELETRONICOS_ELETRODOMESTICOS;Portaria SRE 32/2026;91;;;Usar CEST/NCM/descrição do item correspondente do Anexo Único da SRE 32/2026.;;IVA_ST;84.0;True;2026-08-01;2029-04-30;ATIVO_NA_DATA_REFERENCIA;https://legislacao.fazenda.sp.gov.br/Paginas/Portaria-SRE-32-de-2026.aspx;
XXII;ELETRONICOS_ELETROELETRONICOS_ELETRODOMESTICOS;Portaria SRE 32/2026;92;;;Usar CEST/NCM/descrição do item correspondente do Anexo Único da SRE 32/2026.;;IVA_ST;64.0;True;2026-08-01;2029-04-30;ATIVO_NA_DATA_REFERENCIA;https://legislacao.fazenda.sp.gov.br/Paginas/Portaria-SRE-32-de-2026.aspx;
XXII;ELETRONICOS_ELETROELETRONICOS_ELETRODOMESTICOS;Portaria SRE 32/2026;93;;;Usar CEST/NCM/descrição do item correspondente do Anexo Único da SRE 32/2026.;;IVA_ST;74.0;True;2026-08-01;2029-04-30;ATIVO_NA_DATA_REFERENCIA;https://legislacao.fazenda.sp.gov.br/Paginas/Portaria-SRE-32-de-2026.aspx;
XXII;ELETRONICOS_ELETROELETRONICOS_ELETRODOMESTICOS;Portaria SRE 32/2026;94;;;Usar CEST/NCM/descrição do item correspondente do Anexo Único da SRE 32/2026.;;IVA_ST;77.0;True;2026-08-01;2029-04-30;ATIVO_NA_DATA_REFERENCIA;https://legislacao.fazenda.sp.gov.br/Paginas/Portaria-SRE-32-de-2026.aspx;
XXII;ELETRONICOS_ELETROELETRONICOS_ELETRODOMESTICOS;Portaria SRE 32/2026;95;;;Usar CEST/NCM/descrição do item correspondente do Anexo Único da SRE 32/2026.;;IVA_ST;59.0;True;2026-08-01;2029-04-30;ATIVO_NA_DATA_REFERENCIA;https://legislacao.fazenda.sp.gov.br/Paginas/Portaria-SRE-32-de-2026.aspx;
XXII;ELETRONICOS_ELETROELETRONICOS_ELETRODOMESTICOS;Portaria SRE 32/2026;96;;;Usar CEST/NCM/descrição do item correspondente do Anexo Único da SRE 32/2026.;;IVA_ST;71.0;True;2026-08-01;2029-04-30;ATIVO_NA_DATA_REFERENCIA;https://legislacao.fazenda.sp.gov.br/Paginas/Portaria-SRE-32-de-2026.aspx;
XXII;ELETRONICOS_ELETROELETRONICOS_ELETRODOMESTICOS;Portaria SRE 32/2026;97;;;Usar CEST/NCM/descrição do item correspondente do Anexo Único da SRE 32/2026.;;IVA_ST;51.0;True;2026-08-01;2029-04-30;ATIVO_NA_DATA_REFERENCIA;https://legislacao.fazenda.sp.gov.br/Paginas/Portaria-SRE-32-de-2026.aspx;
