Numero;Serie;Tipo;CNPJ Emitente;CNPJ Destinatario;Data Emissao;CFOP;Valor Total;Valor ICMS;Valor PIS;Valor COFINS
501;1;Entrada;22333444000155;11222333000181;05/07/2026;1102;260,00;30,00;4,13;19,00
502;1;Entrada;22333444000155;11222333000181;18/07/2026;1102;500,00;60,00;8,25;38,00
503;1;Entrada;22333444000155;11222333000181;06/08/2026;1102;156,00;18,72;2,57;11,86
1001;1;Saida;11222333000181;33444555000199;08/07/2026;5102;80,00;14,40;1,32;6,08
1004;1;Saida;11222333000181;33444555000199;22/07/2026;5102;270,00;48,60;4,46;20,52
1005;1;Saida;11222333000181;33444555000199;29/07/2026;5102;90,00;16,20;1,49;6,84
1006;1;Saida;11222333000181;33444555000199;03/08/2026;5102;48,00;8,64;0,79;3,65
1007;1;Saida;11222333000181;33444555000199;10/08/2026;5102;144,00;25,92;2,38;10,94
1008;1;Saida;11222333000181;33444555000199;15/08/2026;5102;60,00;10,80;0,99;4,56
